SegmentID,IntersectingSegments
791686,2137174,
2137174,2137173,
2137173,791679,
791679,791676,
791676,1567035,
1567035,1567034,
1567034,1567033,
1567033,791667,
791667,792175,
792175,792174,
792174,1559673,
1559673,1559672,
1559672,1559669,
1559669,1559668,
1559668,2188866,
2188866,2188865,
2188865,1559675,
1559675,1559674,
1559674,791651,
791651,792185,
792185,5503310,
5503310,5503309,
5503309,5503308,
5503308,5503307,
5503307,1555140,
1555140,6564923,
6564923,6564922,
6564922,6564921,
6564921,791646,
791646,791645,
791645,791637,
791637,791636,
791636,791641,
791641,791643,
791643,791642,
791642,1575224,
1575224,1575228,
1575228,1575229,
1575229,1575230,
1575230,1575225,
1575225,6587470,
6587470,6587471,
6587471,796792,
796792,391525,
391525,789752,
789752,789751,
789751,789750,
789750,789381,
789381,904501,
904501,789388,
789388,789387,
789387,789386,
789386,789743,
789743,789742,
789742,789741,
789741,789740,
789740,789745,
789745,789744,
789744,789747,
789747,789746,
789746,904507,
904507,904506,
904506,904505,
904505,904504,
904504,904503,
904503,890155,
890155,890154,
890154,890157,
890157,890156,
890156,2162653,
2162653,2162655,
2162655,2162654,
2162654,789749,
789749,789748,
789748,2162483,
2162483,2162482,
2162482,2173651,
2173651,2173650,
2173650,904516,
904516,1569886,
1569886,1569885,
1569885,873535,
873535,1576663,
1576663,6117034,1576661,
6117034,6117033,
6117033,1576214,1576662,
1576214,2546314,
2546314,2546313,
2546313,2546312,
2546312,2546311,
2546311,2546310,
2546310,2546309,
2546309,2546308,
2546308,2546307,
2546307,2546306,
2546306,2546305,
2546305,389268,
389268,389267,
389267,389266,
389266,389265,
389265,389264,
389264,389263,
389263,388665,
388665,388664,
388664,388663,
388663,1569435,
1569435,1569434,
1569434,1569433,
1569433,1569437,
1569437,1569436,
1569436,2141271,
2141271,2141270,
2141270,2141269,
2141269,2141272,
2141272,2141253,
2141253,2141252,
2141252,2141251,
2141251,2141250,
2141250,2141254,
2141254,1553026,
1553026,1553031,
1553031,1553035,
1553035,1553036,
1553036,1553022,
1553022,1553021,
1553021,1553014,
1553014,1553013,
1553013,1553012,
1553012,2141245,
2141245,2141244,
2141244,2141243,
2141243,2141242,
2141242,2141241,
2141241,399554,
399554,399553,
399553,399552,
399552,1553040,
1553040,1553044,
1553044,1553043,
1553043,1553049,1553045,
1553049,1553048,1553051,
1553048,1553047,
1553047,1557335,
1557335,779978,
779978,779977,
779977,779976,
779976,1576157,
1576157,1576156,
1576156,779975,
779975,779974,
779974,397124,
397124,1577415,
1577415,1577414,
1577414,1577407,
1577407,3344386,
3344386,3344385,
3344385,3344384,
3344384,3344383,
3344383,3344382,
3344382,3344381,
3344381,3344380,
3344380,3344379,
3344379,396982,
396982,396423,
396423,396404,
396404,396387,
396387,396362,
396362,396361,
396361,396360,
396360,396359,
396359,396358,
396358,396357,
396357,396356,
396356,396355,
396355,395532,
395532,395531,
395531,395530,
395530,1577884,
1577884,1577856,
1577856,1577855,
1577855,1577854,
1577854,1577853,
1577853,394447,
394447,394446,
394446,394445,
394445,1579727,
1579727,1579282,
1579282,1579274,
1579274,1579273,
1579273,1579272,
1579272,1579271,
1579271,893907,
893907,657215,
657215,657214,
657214,1576128,
1576128,1576127,
1576127,1576126,
1576126,1576124,
1576124,1576123,
1576123,1576122,
1576122,1576121,
1576121,1579122,
1579122,1579121,
1579121,1579120,
1579120,1579119,
1579119,1579118,
1579118,1579117,
1579117,1579116,
1579116,1579214,
1579214,1579216,
1579216,391369,
391369,1579115,
1579115,1579114,
1579114,1579113,
1579113,1579112,
1579112,1579111,
1579111,1579110,
1579110,1579109,
1579109,391362,
391362,391361,
391361,391360,
391360,391252,
391252,391251,
391251,391250,
391250,391249,
391249,390514,
390514,390513,
390513,390512,
390512,390511,
390511,5581931,
5581931,5581930,
5581930,5581929,
5581929,5581928,
5581928,6882003,
6882003,6882002,
6882002,646586,
646586,646287,646995,
646287,646286,
646286,646288,
646288,646951,
646951,646954,
646954,646953,
646953,646952,
646952,646950,
646950,646949,
646949,646948,
646948,646947,
646947,646946,
646946,646945,
646945,646944,
646944,646940,
646940,646939,
646939,646935,
646935,646934,
646934,646933,
646933,646938,
646938,646937,
646937,646936,
646936,1552801,
1552801,1552800,
1552800,1552799,
1552799,1552798,
1552798,1552797,
1552797,1552796,
1552796,1552795,
1552795,646321,
646321,5618309,
5618309,5618310,
5618310,646320,
646320,6129566,
6129566,6129565,
6129565,6129567,
6129567,646331,
646331,793357,
793357,793354,
793354,784838,
784838,784839,
784839,646333,
646333,646332,
646332,646335,
646335,646334,
646334,646337,
646337,646336,
646336,646344,
646344,646343,
646343,646342,
646342,1554766,
1554766,1554769,
1554769,1555265,
1555265,1555264,
1555264,1555263,
1555263,1555262,
1555262,1555261,
1555261,6703891,
6703891,6656513,
6656513,1555268,
1555268,784850,
784850,784849,
784849,646353,
646353,646357,
646357,646356,
646356,646355,
646355,893910,
893910,893912,
893912,893911,
893911,6129624,
6129624,6129625,
6129625,769138,
769138,647656,
647656,647655,
647655,647658,
647658,647657,
647657,647659,
647659,647661,
647661,647660,
647660,647662,
647662,647667,
647667,647666,
647666,647665,
647665,647899,
647899,647898,
647898,655444,
655444,655445,
655445,5678194,
5678194,5678195,
5678195,2553896,
2553896,2553895,
2553895,2553894,
2553894,379941,
379941,379940,
379940,379295,
379295,384515,
384515,384514,
384514,383929,
383929,383914,
383914,656256,
656256,656255,
656255,656254,
656254,647908,
647908,647907,
647907,647922,
647922,647921,
647921,647924,
647924,647923,
647923,647926,
647926,647925,
647925,1554778,
1554778,1554777,
1554777,1554776,
1554776,6151436,
6151436,6151435,
6151435,5913433,
5913433,5913432,
5913432,5913431,
5913431,647927,
647927,656281,
656281,1556891,
1556891,1556893,
1556893,1556892,
1556892,656285,
656285,656284,
656284,656283,
656283,656282,
656282,385709,
385709,385708,
385708,385707,
385707,385706,
385706,377940,
377940,377939,
377939,377938,
377938,385568,
385568,385567,
385567,385566,
385566,384363,
384363,384282,
384282,384281,
384281,384280,
384280,384279,
384279,384278,
384278,384277,
384277,384276,
384276,384275,
384275,381433,
381433,381381,
381381,652345,
652345,
652341,651686,
651686,381871,
381871,656382,
656382,656381,
656381,656380,
656380,656379,
656379,656378,
656378,656377,
656377,656376,
656376,656375,
656375,656374,
656374,656373,
656373,656372,
656372,656371,
656371,656370,
656370,656369,
656369,656368,
656368,656289,
656289,656288,
656288,656287,
656287,656286,
656286,1556889,
1556889,1556888,
1556888,1556895,
1556895,1556894,
1556894,1556924,
1556924,1556923,
1556923,5635817,
5635817,5635816,
5635816,5635815,
5635815,1554786,
1554786,1554785,
1554785,1554784,
1554784,1554779,
1554779,656266,
656266,656265,
656265,656264,
656264,656263,
656263,656262,
656262,656261,
656261,656260,
656260,656259,
656259,656258,
656258,656257,
656257,655454,
655454,655453,
655453,1556479,
1556479,1556481,
1556481,1556480,
1556480,1556478,
1556478,655447,
655447,655446,
655446,655450,
655450,655449,
655449,655448,
655448,5678204,
5678204,2557873,
2557873,2557874,
2557874,655443,
655443,655442,
655442,769712,
769712,769711,
769711,769710,
769710,769714,
769714,769713,
769713,655441,
655441,655440,
655440,2167737,
2167737,2167736,
2167736,2167735,
2167735,2167734,
2167734,2167733,
2167733,893920,
893920,6728989,
6728989,6728988,
6728988,6728987,
6728987,646354,
646354,794023,
794023,794022,
794022,1555266,
1555266,1555267,
1555267,1555273,
1555273,1555279,
1555279,1555278,
1555278,1555277,
1555277,1555276,
1555276,1555275,
1555275,1554772,
1554772,1554773,
1554773,1554763,
1554763,1554762,
1554762,1554765,
1554765,1554764,
1554764,784846,
784846,784845,
784845,646932,
646932,646931,
646931,646928,
646928,646930,
646930,646929,
646929,793356,
793356,793355,
793355,784827,
784827,784826,
784826,5618318,
5618318,5618317,
5618317,5618319,
5618319,646324,
646324,646317,
646317,646316,
646316,646315,
646315,646314,
646314,646313,
646313,646312,
646312,646311,
646311,646310,
646310,5976360,
5976360,6991423,
6991423,6991425,
6991425,6991424,
6991424,397730,
397730,397729,
397729,397728,
397728,397735,
397735,397747,
397747,398456,
398456,398455,
398455,398576,
398576,398575,
398575,398574,
398574,398573,
398573,646307,
646307,646306,
646306,646305,
646305,646588,
646588,646583,646587,
646583,387772,
387772,387771,
387771,5598152,
5598152,5598151,
5598151,5598150,
5598150,5598149,
5598149,646972,
646972,646971,
646971,646970,
646970,646969,
646969,646968,
646968,646967,
646967,646966,
646966,646965,
646965,647462,
647462,647461,
647461,647460,
647460,1579108,
1579108,1579107,
1579107,1579106,
1579106,1579105,
1579105,1579104,
1579104,1579103,
1579103,1579102,
1579102,392043,
392043,647457,
647457,1579101,
1579101,1579100,
1579100,1579099,
1579099,1579098,
1579098,1579097,
1579097,1579096,
1579096,1579095,
1579095,1576136,
1576136,1576135,
1576135,1576134,
1576134,1576133,
1576133,1576132,
1576132,1576131,
1576131,1576130,
1576130,656853,
656853,656852,
656852,893909,
893909,1579749,
1579749,1579748,
1579748,1579747,
1579747,1579746,
1579746,1579745,
1579745,647470,
647470,647469,
647469,647468,
647468,647467,
647467,1577860,
1577860,1577859,
1577859,1577858,
1577858,1577857,
1577857,1577874,
1577874,1577863,
1577863,1577862,
1577862,1577861,
1577861,646918,
646918,646917,
646917,646916,
646916,646915,
646915,646914,
646914,646913,
646913,646912,
646912,646911,
646911,646910,
646910,646909,
646909,646908,
646908,646907,
646907,3483687,
3483687,3483686,
3483686,3483685,
3483685,3483684,
3483684,3483683,
3483683,3483682,
3483682,3483681,
3483681,3483680,
3483680,1577410,
1577410,1577416,
1577416,1577418,
1577418,1577417,
1577417,794027,
794027,794026,
794026,1576162,
1576162,1576161,
1576161,1576160,
1576160,1576159,
1576159,1553054,
1553054,1553053,
1553053,1553052,
1553052,646893,1553046,
646893,646892,
646892,1553039,
1553039,1553038,
1553038,1553037,
1553037,2141311,
2141311,2141310,
2141310,2141309,
2141309,2141308,
2141308,2141307,
2141307,1553011,
1553011,1553010,
1553010,1553009,
1553009,1553008,
1553008,1553025,
1553025,1553030,
1553030,1553029,
1553029,1553034,
1553034,2141265,
2141265,2141264,
2141264,2141263,
2141263,2141268,
2141268,2141267,
2141267,2141266,
2141266,2141276,
2141276,2141275,
2141275,2141274,
2141274,2141273,
2141273,1569456,
1569456,1569455,
1569455,1569454,
1569454,1569453,
1569453,1569452,
1569452,646537,
646537,646536,
646536,646535,
646535,646534,
646534,646533,
646533,646532,
646532,646531,
646531,646530,
646530,646529,
646529,6909384,
6909384,6909383,
6909383,6909382,
6909382,6909381,
6909381,6909380,
6909380,6909379,
6909379,6909378,
6909378,6909377,
6909377,6909376,
6909376,1576727,
1576727,1576726,
1576726,1576725,
1576725,6117036,
6117036,6117035,
6117035,1576665,1576664,
1576665,1576724,
1576724,1576723,
1576723,2173655,
2173655,2173654,
2173654,2162491,
2162491,2162490,
2162490,2162489,
2162489,2162488,
2162488,890160,
890160,890159,
890159,890158,
890158,890162,
890162,890161,
890161,789761,
789761,789760,
789760,789759,
789759,789758,
789758,789757,
789757,789763,
789763,789762,
789762,789765,
789765,789764,
789764,789769,
789769,789768,
789768,789767,
789767,789766,
789766,789385,
789385,789384,
789384,789383,
789383,789735,
789735,904502,
904502,825198,
825198,825197,
825197,825196,
825196,825195,
825195,1575233,
1575233,1575235,
1575235,1575234,
1575234,794042,
794042,1575231,
1575231,1575232,
1575232,791626,
791626,791625,
791625,791640,
791640,791639,
791639,791638,
791638,6564925,
6564925,6564924,
6564924,791635,
791635,1555136,
1555136,1555135,
1555135,1555137,
1555137,5503313,
5503313,5503312,
5503312,5503311,
5503311,5503314,
5503314,791644,
791644,792183,
792183,792182,
792182,792184,
792184,792186,
792186,2188873,
2188873,2188875,
2188875,2188874,
2188874,792176,
792176,792178,
792178,792177,
792177,791666,
791666,792179,
792179,792181,
792181,792180,
792180,791678,
791678,791677,
791677,2137162,
2137162,2137164,
2137164,2137163,
2137163,
1553046,1553049,1553045,
1553045,1553041,
1553041,646891,
646891,646890,
646890,1559519,
1559519,1548804,
1548804,1548803,
1548803,2203930,
2203930,1548805,1548802,
1548805,2203932,
2203932,2203933,
2203933,1548812,6109523,
1548812,1548811,
1548811,1548817,
1548817,1548816,
1548816,1548815,
1548815,1559374,
1559374,1559373,
1559373,646894,
646894,796743,
796743,796742,
796742,796741,
796741,1558435,
1558435,1558434,
1558434,1558433,
1558433,1558432,
1558432,657237,
657237,657236,
657236,1550309,
1550309,1550319,
1550319,1550320,1550318,
1550320,1551058,1550313,
1551058,1551057,
1551057,1550302,
1550302,1550301,
1550301,1550198,
1550198,1550197,
1550197,1550196,
1550196,1549567,
1549567,646277,
646277,646276,
646276,646275,
646275,2196248,
2196248,2196247,
2196247,2196246,
2196246,2196245,
2196245,2196244,
2196244,396247,
396247,2161204,2164509,
2161204,2161205,
2161205,1557300,
1557300,1557302,
1557302,1557303,
1557303,1557291,1557290,
1557291,5582023,
5582023,5582026,
5582026,5582025,
5582025,5582024,
5582024,5545219,
5545219,5545218,
5545218,5545217,
5545217,5545216,
5545216,5545221,
5545221,5545220,
5545220,2157404,
2157404,2157400,2157403,
2157400,2157412,
2157412,2157413,2157414,
2157413,5843132,
5843132,5849969,
5849969,5849968,
5849968,5849967,
5849967,5843131,
5843131,5843130,
5843130,5843129,
5843129,5843128,
5843128,5843127,
5843127,5843126,
5843126,5843125,
5843125,5843124,
5843124,1591994,
1591994,1592002,
1592002,1592001,
1592001,1592000,
1592000,1591999,
1591999,1591998,
1591998,1591997,
1591997,1591996,
1591996,1591995,
1591995,1586363,
1586363,1586362,
1586362,1586366,
1586366,1586365,
1586365,1586364,
1586364,1586333,
1586333,1586332,
1586332,1586331,
1586331,1586330,
1586330,1586334,
1586334,381091,
381091,1586329,
1586329,1596882,
1596882,1596881,
1596881,1596880,
1596880,
1596841,1596840,
1596840,1596839,
1596839,381052,
381052,1586336,
1586336,1586335,
1586335,1587081,
1587081,1587080,
1587080,1587079,
1587079,1587078,
1587078,1587077,
1587077,1587076,
1587076,1587083,
1587083,1587082,
1587082,1591863,
1591863,1591862,
1591862,1591861,
1591861,1591860,
1591860,1591859,
1591859,1591858,
1591858,1591857,
1591857,1591856,
1591856,6140633,
6140633,6140632,
6140632,6140640,
6140640,6140639,
6140639,6140638,
6140638,6140637,
6140637,6140636,
6140636,6140635,
6140635,6140634,
6140634,5843082,
5843082,5843081,
5843081,5843093,
5843093,5843092,
5843092,5843091,
5843091,2157415,
2157415,2157411,1589186,
2157411,2157410,
2157410,5552610,2157405,
5552610,5552609,
5552609,5552608,
5552608,5552607,
5552607,5552606,
5552606,5552605,
5552605,5575107,
5575107,5575106,
5575106,5575105,
5575105,5575104,
5575104,5575103,
5575103,1557292,
1557292,1557294,1557293,
1557294,1557296,
1557296,1557295,
1557295,1557306,1557289,
1557306,1549519,
1549519,1549518,
1549518,1549547,
1549547,1549546,
1549546,1549545,
1549545,1549544,
1549544,1550256,
1550256,1550255,
1550255,1550254,
1550254,1550253,
1550253,1550281,
1550281,1550280,
1550280,1550279,
1550279,1550303,
1550303,1550314,
1550314,1551056,1550315,
1551056,1551053,1551055,
1551053,1551052,
1551052,1550308,
1550308,646906,
646906,646905,
646905,1558523,
1558523,1558522,
1558522,1558525,
1558525,1558524,
1558524,1557946,
1557946,1557945,
1557945,1557944,
1557944,396286,
396286,646896,
646896,646895,
646895,646898,
646898,646897,
646897,1548810,
1548810,1548809,
1548809,1548808,
1548808,2203927,
2203927,2203928,1548806,
2203928,2203929,
2203929,1548799,2203931,
1548799,1559521,
1559521,1559520,
1559520,1557353,
1557353,1557352,
1557352,646889,
646889,1553042,
1553042,1553050,
1553050,1553048,1553051,
1553051,1553052,
1576664,6117034,1576661,
1576661,873539,
873539,873538,
873538,873537,
873537,873536,
873536,791120,
791120,6609775,791119,
6609775,6609776,
6609776,893279,6117029,
893279,1577350,
1577350,1577349,
1577349,1577348,
1577348,1577347,
1577347,1577346,
1577346,1577345,
1577345,1577344,
1577344,1576736,
1576736,1576735,
1576735,6117042,1576731,
6117042,6117041,
6117041,3591454,
3591454,3591463,
3591463,3591462,
3591462,3591461,
3591461,3591460,
3591460,3591459,
3591459,3591458,
3591458,3591457,
3591457,3591456,
3591456,3591455,
3591455,3591450,
3591450,3591449,
3591449,3591448,
3591448,3591439,
3591439,3591438,
3591438,3591437,
3591437,3591436,
3591436,3591435,
3591435,3591434,
3591434,1566910,
1566910,4134779,
4134779,4134778,
4134778,4134777,
4134777,4134776,
4134776,4134775,
4134775,4134774,
4134774,1557860,1557859,
1557860,5618139,1557865,
5618139,5618138,
5618138,5618137,
5618137,5618136,
5618136,5618146,
5618146,5618145,
5618145,5618144,
5618144,5618143,
5618143,5618142,
5618142,5618141,
5618141,5618140,
5618140,6109694,
6109694,6109693,
6109693,6109692,
6109692,6109691,
6109691,6109695,
6109695,4124267,
4124267,4124232,4124265,
4124232,4124231,
4124231,4124230,
4124230,4124229,
4124229,4124228,
4124228,4124227,
4124227,4124226,
4124226,4124225,
4124225,4124224,
4124224,4124223,
4124223,4124222,
4124222,5697028,
5697028,5697027,
5697027,5697026,
5697026,5697025,
5697025,5697024,
5697024,5697023,
5697023,5697022,
5697022,5697021,
5697021,5697020,
5697020,5697019,
5697019,5697018,
5697018,5697039,
5697039,5697059,
5697059,5697058,
5697058,5697057,
5697057,5697056,
5697056,5697055,
5697055,5697054,
5697054,5697053,
5697053,5697079,
5697079,5697078,
5697078,5697077,
5697077,5697076,
5697076,5697075,
5697075,5697074,
5697074,5669320,
5669320,5669319,
5669319,5669318,
5669318,5669317,
5669317,5669316,
5669316,5669315,
5669315,5669314,
5669314,5669313,
5669313,5669312,
5669312,5669311,
5669311,5669310,
5669310,5669309,
5669309,5669308,
5669308,5669307,
5669307,5669306,
5669306,5669305,
5669305,5669304,
5669304,5669303,
5669303,5669302,
5669302,5669301,
5669301,5669300,
5669300,5669299,
5669299,5669298,
5669298,5669297,
5669297,5669284,
5669284,5669283,
5669283,5669282,
5669282,5669281,
5669281,5669280,
5669280,5669279,
5669279,5753500,
5753500,5753499,
5753499,5753498,
5753498,5753497,
5753497,5753496,
5753496,5753520,
5753520,5753519,
5753519,
5753449,5753448,
5753448,5753447,
5753447,5753457,
5753457,5753456,
5753456,5753455,
5753455,5753454,
5753454,5669278,
5669278,5669277,
5669277,5669276,
5669276,5669275,
5669275,5669274,
5669274,5669273,
5669273,5669271,
5669271,5669270,
5669270,5669269,
5669269,5669268,
5669268,5669267,
5669267,5669266,
5669266,5669265,
5669265,5669264,
5669264,5669263,
5669263,5669262,
5669262,5669261,
5669261,5669260,
5669260,5669259,
5669259,5669258,
5669258,5669257,
5669257,5669256,
5669256,5669255,
5669255,5669254,
5669254,5669253,
5669253,5669252,
5669252,5669251,
5669251,5669250,
5669250,5697073,
5697073,5697072,
5697072,5697071,
5697071,5697070,
5697070,5697069,
5697069,5697068,
5697068,5697067,
5697067,5697066,
5697066,5697065,
5697065,5697064,
5697064,5697063,
5697063,5697062,
5697062,5697061,
5697061,5697060,
5697060,5697052,
5697052,4129755,
4129755,4129754,
4129754,4129753,
4129753,4129752,
4129752,4129751,
4129751,4129750,
4129750,4129749,
4129749,4129748,
4129748,4129747,
4129747,4129746,
4129746,4129745,
4129745,4124255,
4124255,4124254,
4124254,4124253,
4124253,4124252,
4124252,4124251,
4124251,4124250,
4124250,4124249,
4124249,4124248,
4124248,4124247,
4124247,4124246,
4124246,4124245,
4124245,4124264,5690994,
4124264,4124263,4124266,
4124263,4124262,
4124262,4124261,
4124261,5618125,
5618125,5618124,
5618124,5618123,
5618123,5618122,
5618122,5618121,
5618121,5618120,
5618120,5618119,
5618119,5618118,
5618118,5618117,
5618117,5618116,
5618116,5618115,
5618115,5618114,
5618114,1557867,4134785,
1557867,4134701,1557866,
4134701,4134700,
4134700,4134705,
4134705,4134704,
4134704,4134703,
4134703,4134702,
4134702,1553743,
1553743,3591447,
3591447,3591446,
3591446,3591445,
3591445,3591444,
3591444,3591443,
3591443,3591442,
3591442,3591453,
3591453,3591452,
3591452,3591451,
3591451,3596196,
3596196,3596195,
3596195,3596194,
3596194,3596193,
3596193,3596192,
3596192,3596191,
3596191,3596190,
3596190,3596189,
3596189,3596188,
3596188,3596186,
3596186,1576734,1577355,
1576734,1576738,
1576738,1576737,
1576737,1576757,
1576757,1576756,
1576756,1576755,
1576755,1576754,
1576754,1576753,
1576753,1576752,
1576752,1576751,
1576751,893281,
893281,389336,646514,
389336,389353,6117032,
389353,389896,
389896,389895,
389895,389894,
389894,1576215,
1576215,1576214,1576662,
1576662,6117036,
4115484,6542554,4120380,
6542554,6542553,
6542553,4115459,4120346,
4115459,4115460,
4115460,2158619,
2158619,2158618,
2158618,2158617,
2158617,2892660,
2892660,2892659,
2892659,2892663,
2892663,2892662,
2892662,2892661,
2892661,4145006,
4145006,4145005,
4145005,4145004,
4145004,6066447,
6066447,6066446,
6066446,6066445,
6066445,6066444,
6066444,6066443,
6066443,6155534,
6155534,6155533,
6155533,6155532,
6155532,6155531,
6155531,6155530,
6155530,6155529,
6155529,6155528,
6155528,5605579,
5605579,7021278,
7021278,7021277,
7021277,7021276,
7021276,5963041,
5963041,5963040,
5963040,5963039,
5963039,5963038,
5963038,5963037,
5963037,5963036,
5963036,5963035,
5963035,5963034,
5963034,6229517,
6229517,6229516,
6229516,6229515,
6229515,6229514,
6229514,6229513,
6229513,6229512,
6229512,6229518,
6229518,4130621,
4130621,4130620,
4130620,1575821,
1575821,2218152,
2218152,2218154,
2218154,2218153,
2218153,2143983,
2143983,888989,
888989,888988,
888988,975687,
975687,975686,
975686,1590864,
1590864,1590863,
1590863,889005,
889005,889004,
889004,889003,
889003,889002,
889002,889001,
889001,889000,
889000,888999,
888999,6155610,
6155610,6155609,
6155609,6155608,
6155608,6155607,
6155607,6155606,
6155606,6155605,
6155605,6155604,
6155604,6155603,
6155603,6155602,
6155602,6155601,
6155601,6155600,
6155600,6155599,
6155599,6155598,
6155598,6155597,
6155597,2137111,
2137111,2137110,
2137110,2137109,
2137109,2137108,
2137108,1043462,
1043462,1043461,
1043461,1043460,
1043460,1043459,
1043459,1043458,
1043458,1043457,
1043457,1043456,
1043456,1043455,
1043455,1043454,
1043454,1043453,
1043453,1043452,
1043452,1043451,
1043451,1043450,
1043450,1043449,
1043449,1043448,
1043448,882741,
882741,882740,
882740,882739,
882739,882738,
882738,
891088,891087,
891087,891086,
891086,891085,
891085,2218372,
2218372,2218371,
2218371,2218370,
2218370,2218369,
2218369,2218368,
2218368,2218367,
2218367,2218366,
2218366,2218365,
2218365,2218364,
2218364,2218363,
2218363,2218362,
2218362,2218361,
2218361,2218360,
2218360,2218359,
2218359,2218358,
2218358,2218357,
2218357,2218356,
2218356,2217428,
2217428,2217427,
2217427,2217426,
2217426,2217425,
2217425,2217424,
2217424,2217423,
2217423,2217422,
2217422,2217421,
2217421,2217420,
2217420,1590862,
1590862,1590861,
1590861,1590860,
1590860,1590859,
1590859,1590858,
1590858,1590857,
1590857,1590856,
1590856,1590855,
1590855,1590854,
1590854,1590853,
1590853,1590852,
1590852,1590851,
1590851,1590850,
1590850,1590849,
1590849,1590848,
1590848,1590847,
1590847,888992,
888992,888985,
888985,888986,
888986,888995,
888995,2136946,
2136946,2136947,
2136947,1575823,
1575823,1575822,
1575822,1575818,
1575818,4130628,
4130628,4130627,
4130627,4130626,
4130626,6229522,
6229522,6229521,
6229521,6229520,
6229520,6229519,
6229519,2217419,
2217419,2217418,
2217418,2217417,
2217417,2217416,
2217416,5963033,
5963033,5963032,
5963032,5963031,
5963031,5963030,
5963030,5963029,
5963029,6155539,
6155539,6155538,
6155538,6155537,
6155537,6155536,
6155536,6155535,
6155535,6155540,
6155540,5702468,6219396,
5702468,5702475,
5702475,5702474,
5702474,5702473,
5702473,5702472,
5702472,5702471,
5702471,5702470,
5702470,5702469,
5702469,4145033,
4145033,4145032,
4145032,4145031,
4145031,4145030,
4145030,4145036,
4145036,4145035,
4145035,4145034,
4145034,2892690,
2892690,2892689,
2892689,2892688,
2892688,2892687,
2892687,2892686,
2892686,2892685,
2892685,2147531,
2147531,2147530,
2147530,2147529,
2147529,4115481,
4115481,1569524,
1569524,6542555,1569523,
6542555,6542556,
6542556,4120267,4120381,
4120267,
1548807,2203927,
1548806,397037,
397037,397020,
397020,397019,
397019,396977,
396977,396976,
396976,396399,
396399,396398,
396398,645317,
645317,645316,
645316,645315,
645315,794530,
794530,794531,
794531,794534,
794534,794533,
794533,794532,
794532,646922,
646922,646921,
646921,1557942,
1557942,1557943,
1557943,645324,
645324,645323,
645323,796555,
796555,796554,
796554,796557,
796557,796556,
796556,645335,
645335,645334,
645334,645333,
645333,645343,
645343,645342,
645342,645339,
645339,645338,
645338,645345,
645345,645344,
645344,1050589,
1050589,1050588,
1050588,1050591,
1050591,1050590,
1050590,786491,
786491,647788,
647788,645355,
645355,6119981,
6119981,6119980,
6119980,645830,
645830,5581816,
5581816,5581818,
5581818,5581817,
5581817,645848,
645848,645847,
645847,645849,
645849,645856,
645856,645855,
645855,645854,
645854,645866,
645866,645865,
645865,645867,
645867,645868,645872,
645868,6784255,6784231,
6784255,6784258,
6784258,6784257,
6784257,6784256,
6784256,6802910,
6802910,6802909,
6802909,6802911,
6802911,6802906,
6802906,6802908,
6802908,6802907,
6802907,6784273,
6784273,1577900,
1577900,1577901,
1577901,6119951,
6119951,6119950,
6119950,6119949,
6119949,6119948,
6119948,6119947,
6119947,6119946,
6119946,6119952,
6119952,6119945,
6119945,6119944,
6119944,6119943,
6119943,1577908,
1577908,1577909,
1577909,772308,
772308,772307,
772307,645958,
645958,647456,
647456,647455,
647455,647454,
647454,647453,
647453,795210,
795210,6784279,
6784279,6784280,
6784280,6802901,
6802901,6790512,
6790512,6790511,
6790511,6790510,
6790510,6790509,
6790509,6790508,
6790508,6802904,
6802904,6802903,
6802903,6784253,
6784253,656886,6784226,
656886,630669,
630669,6801906,
6801906,6801905,
6801905,6801904,
6801904,6802987,
6802987,6802986,
6802986,6802985,
6802985,6802984,
6802984,645971,
645971,6784232,
6784232,6784254,
6784254,6792348,
6792348,6792349,
6792349,6792344,
6792344,6792346,
6792346,6792345,
6792345,6792347,
6792347,6784261,
6784261,6784262,
6784262,6711168,
6711168,6711167,
6711167,2063522,
2063522,2063521,
2063521,2063520,
2063520,6265391,
6265391,6265390,
6265390,6721160,
6721160,6711166,
6711166,6703928,
6703928,645978,
645978,2164596,
2164596,2164595,
2164595,2164594,
2164594,2164599,
2164599,2164598,
2164598,2164597,
2164597,2063393,
2063393,2063392,
2063392,2063391,
2063391,2063390,
2063390,2063389,
2063389,795698,
795698,795697,
795697,647626,
647626,1550671,
1550671,1550670,
1550670,1550673,
1550673,1550672,
1550672,6656873,
6656873,6656875,
6656875,6656874,
6656874,1554759,
1554759,6738575,
6738575,2380158,
2380158,2380157,
2380157,2380161,
2380161,2380160,
2380160,2380159,
2380159,791019,
791019,791018,
791018,791017,
791017,656728,
656728,656729,
656729,648718,
648718,794036,
794036,794035,
794035,656738,
656738,656737,
656737,656736,
656736,657070,
657070,657072,
657072,657071,
657071,1227469,
1227469,1227471,
1227471,1227470,
1227470,1263040,
1263040,1263041,
1263041,630938,
630938,630939,
630939,657075,
657075,1555992,
1555992,1555991,
1555991,1555990,
1555990,1556527,
1556527,1589199,
1589199,6703926,
6703926,630932,
630932,1589987,
1589987,2261240,
2261240,2261239,
2261239,1589993,
1589993,1589992,
1589992,1589991,
1589991,1589990,
1589990,1589989,
1589989,1552871,
1552871,1552872,
1552872,1552875,
1552875,1552876,
1552876,655971,
655971,655970,
655970,655969,
655969,5694426,
5694426,5694425,
5694425,5694424,
5694424,5694423,
5694423,5694422,
5694422,655975,
655975,655976,
655976,6711210,
6711210,1224898,
1224898,1224890,
1224890,1224889,
1224889,1224888,
1224888,1224887,
1224887,1224886,
1224886,1224900,
1224900,1554902,
1554902,1554904,
1554904,1554903,
1554903,1554905,
1554905,1554906,
1554906,1554901,
1554901,1554884,
1554884,1554883,
1554883,649829,
649829,649828,
649828,793299,
793299,793300,
793300,649825,
649825,649824,
649824,649827,
649827,649826,
649826,381967,
381967,656006,
656006,656005,
656005,656004,
656004,656008,
656008,656007,
656007,645945,
645945,645944,
645944,2191460,
2191460,2191459,
2191459,2191458,
2191458,2191461,
2191461,6160254,
6160254,6160255,
6160255,656009,
656009,656013,
656013,656012,
656012,656011,
656011,656010,
656010,797218,
797218,797226,
797226,1552827,
1552827,1552829,
1552829,1552828,
1552828,656024,
656024,656023,
656023,656022,
656022,649561,
649561,656361,
656361,656360,
656360,656359,
656359,656358,
656358,656364,
656364,656363,
656363,656362,
656362,649524,
649524,877897,
877897,877896,
877896,877895,
877895,877904,
877904,877903,
877903,877902,
877902,877901,
877901,877900,
877900,877899,
877899,877898,
877898,656872,
656872,
380239,866585,
866585,866584,
866584,877914,
877914,877913,
877913,877912,
877912,877911,
877911,877910,
877910,877909,
877909,877908,
877908,877907,
877907,381384,
381384,645939,
645939,645938,
645938,649536,
649536,649535,
649535,649534,
649534,649533,
649533,649537,
649537,649544,
649544,649543,
649543,649542,
649542,797228,
797228,797230,
797230,797229,
797229,797231,
797231,797227,
797227,797222,
797222,797221,
797221,797220,
797220,797219,
797219,1552835,
1552835,1552834,
1552834,381956,
381956,2191455,
2191455,2187656,
2187656,2187655,
2187655,2187654,
2187654,2187653,
2187653,382493,
382493,382509,
382509,382508,
382508,649804,
649804,649803,
649803,649802,
649802,649805,
649805,649806,
649806,382582,
382582,382581,
382581,655988,
655988,655987,
655987,794025,
794025,1554879,
1554879,1554878,
1554878,1554887,
1554887,1554886,
1554886,1554885,
1554885,1554882,
1554882,1555958,
1555958,1556537,
1556537,1556536,
1556536,1556535,
1556535,1556532,
1556532,1556531,
1556531,1556530,
1556530,1556529,
1556529,1556528,
1556528,383120,
383120,1554856,
1554856,1554855,
1554855,650186,
650186,650185,
650185,650184,
650184,650183,
650183,650182,
650182,650181,
650181,655968,
655968,655967,
655967,655966,
655966,1552866,
1552866,1552865,
1552865,1552863,
1552863,1552862,
1552862,1589226,
1589226,1589225,
1589225,1589224,
1589224,1589223,
1589223,1589222,
1589222,1589221,
1589221,1589220,
1589220,378545,
378545,378563,
378563,1555989,
1555989,1550383,
1550383,1589229,
1589229,1589228,
1589228,1589227,
1589227,378153,
378153,378174,
378174,657074,
657074,657073,
657073,1227477,
1227477,1227476,
1227476,1227475,
1227475,1227474,
1227474,1227473,
1227473,1227472,
1227472,657069,
657069,656743,
656743,656742,
656742,656741,
656741,774563,
774563,774562,
774562,774561,
774561,656735,
656735,648720,
648720,648719,
648719,379313,
379313,379312,
379312,1552788,
1552788,1552787,
1552787,1552786,
1552786,775173,
775173,775172,
775172,775171,
775171,657217,
657217,1554754,
1554754,1554753,
1554753,657218,
657218,1550677,
1550677,1550676,
1550676,1550675,
1550675,1550674,
1550674,1552422,
1552422,1552421,
1552421,6656740,
6656740,6703892,
6703892,647638,
647638,647637,
647637,2063427,
2063427,2063426,
2063426,2063425,
2063425,2063424,
2063424,2161401,
2161401,2161400,
2161400,2161399,
2161399,2161398,
2161398,2161397,
2161397,645982,
645982,648173,
648173,773084,
773084,7057358,
7057358,7057357,
7057357,7057356,
7057356,2063548,
2063548,2063547,
2063547,2063546,
2063546,791511,
791511,645974,
645974,631784,
631784,631341,
631341,631340,
631340,631339,
631339,631318,
631318,646975,
646975,646974,
646974,646973,
646973,7002348,
7002348,7002347,
7002347,7002346,
7002346,7002345,
7002345,7002344,
7002344,7002343,
7002343,630670,
630670,630672,
630672,630671,
630671,656885,
656885,7002342,
7002342,7002341,
7002341,7002340,
7002340,7002339,
7002339,7002338,
7002338,7002337,
7002337,6784278,
6784278,645959,
645959,866589,
866589,1556073,
1556073,1556072,
1556072,1556071,
1556071,1556070,
1556070,1556069,
1556069,396279,
396279,396278,
396278,772306,
772306,772305,
772305,1577910,
1577910,1577911,
1577911,646596,
646596,646595,
646595,646594,
646594,646593,
646593,646592,
646592,646591,
646591,646590,
646590,646589,
646589,789219,
789219,1577898,
1577898,1577899,
1577899,5651954,
5651954,789216,
789216,789215,
789215,789214,
789214,647736,
647736,647735,
647735,647734,
647734,647733,
647733,647732,
647732,647731,
647731,645871,
645871,645869,
645869,647748,645874,
647748,647747,
647747,647746,
647746,645846,
645846,645845,
645845,645844,
645844,6802900,
6802900,6630429,
6630429,647474,
647474,647473,
647473,5581825,
5581825,5581824,
5581824,5581823,
5581823,647471,
647471,2192119,
2192119,647472,
647472,5667097,
5667097,5667096,
5667096,786440,
786440,786439,
786439,786438,
786438,786437,
786437,647787,
647787,647786,
647786,647785,
647785,647784,
647784,647783,
647783,647782,
647782,647781,
647781,647780,
647780,647779,
647779,788301,
788301,788300,
788300,788299,
788299,2141646,
2141646,2141645,
2141645,2141644,
2141644,1557897,
1557897,644968,
644968,644967,
644967,646920,
646920,646919,
646919,1557324,
1557324,1557323,
1557323,1557322,
1557322,6611106,
6611106,6611105,
6611105,795224,
795224,795223,
795223,795222,
795222,646904,
646904,646903,
646903,646902,
646902,646901,
646901,646900,
646900,646899,
646899,1548813,
1548813,1548814,
1548814,2203929,
1561612,5859013,
5859013,5859012,
5859012,5859011,
5859011,4103173,
4103173,4103172,
4103172,4103171,
4103171,4103170,
4103170,4103169,
4103169,4103168,
4103168,4103167,
4103167,2887091,
2887091,2887090,
2887090,2887089,
2887089,2887088,
2887088,2887087,
2887087,2887086,
2887086,2887085,
2887085,2887084,
2887084,4150868,
4150868,4150867,
4150867,4150866,
4150866,4150865,
4150865,4150864,
4150864,4150863,
4150863,4150862,
4150862,4150861,
4150861,4172880,
4172880,4172879,
4172879,4172878,
4172878,4172877,
4172877,2498030,
2498030,2498029,
2498029,6183644,
6183644,6183643,
6183643,4168533,
4168533,4168532,
4168532,4168531,
4168531,4103438,
4103438,4103437,
4103437,4103436,
4103436,4168575,
4168575,4168574,
4168574,2892753,
2892753,2892752,
2892752,4103485,
4103485,4103484,
4103484,4103483,
4103483,4168646,
4168646,4172690,
4172690,4172689,
4172689,4172688,
4172688,4172687,
4172687,4103488,
4103488,4103487,
4103487,4103486,
4103486,4172605,
4172605,2434950,
2434950,2434949,
2434949,2434948,
2434948,1562382,
1562382,1562381,
1562381,1562380,
1562380,1562379,
1562379,1562378,
1562378,1562413,
1562413,1562412,
1562412,1562411,
1562411,4120172,
4120172,4120171,
4120171,4120170,
4120170,4120169,
4120169,4120220,
4120220,4120219,
4120219,4120218,
4120218,4120217,
4120217,4120216,
4120216,4120215,
4120215,965950,
965950,4125026,
4125026,4125025,
4125025,4125024,
4125024,4125023,
4125023,4103519,
4103519,4103518,
4103518,4103517,
4103517,4103516,
4103516,4103515,
4103515,1576580,
1576580,1575579,
1575579,779341,
779341,779340,
779340,779339,
779339,5574784,
5574784,5574783,
5574783,4107453,
4107453,4107452,
4107452,4107385,
4107385,4107384,
4107384,2193400,
2193400,2193399,
2193399,2193398,
2193398,4140515,
4140515,4140514,
4140514,4140513,
4140513,4140512,
4140512,4140511,
4140511,1576525,
1576525,2892672,
2892672,2892671,
2892671,2892670,
2892670,4120347,
4120347,4115459,4120346,
4120346,6542555,1569523,
1569523,1569510,
1569510,4139832,
4139832,4139831,
4139831,4139830,
4139830,2196993,
2196993,2196992,
2196992,2196996,
2196996,2196995,
2196995,2196994,
2196994,2151015,
2151015,2181552,
2181552,2181551,
2181551,2181550,
2181550,2181549,
2181549,2151037,
2151037,2151036,
2151036,2151035,
2151035,2151034,
2151034,2155192,
2155192,2155193,
2155193,2155211,
2155211,2155210,
2155210,2155209,
2155209,2155208,
2155208,783201,
783201,783200,
783200,5785417,
5785417,5785418,
5785418,973821,
973821,1559676,
1559676,1559677,
1559677,1566869,
1566869,392825,
392825,783738,
783738,783737,
783737,1566889,
1566889,1566888,
1566888,1566891,
1566891,1566890,
1566890,785566,
785566,392185,
392185,1577268,
1577268,1577270,
1577270,1577269,
1577269,1577279,
1577279,1577281,
1577281,1577280,
1577280,1577261,
1577261,1555762,
1555762,1555751,
1555751,1555750,
1555750,1555741,
1555741,1555660,
1555660,392128,
392128,646150,
646150,646149,
646149,1577180,
1577180,1577179,
1577179,1577182,
1577182,1577181,
1577181,1555195,
1555195,2193482,
2193482,2193481,
2193481,2193485,
2193485,2193484,
2193484,2193483,
2193483,1576251,
1576251,1576252,
1576252,1576240,
1576240,1576239,
1576239,1576242,
1576242,1576241,
1576241,1575739,
1575739,1575740,
1575740,890146,
890146,890145,
890145,646141,
646141,646140,
646140,646139,
646139,646145,
646145,646144,
646144,646143,
646143,646142,
646142,796785,
796785,796784,
796784,6587474,
6587474,6587475,
6587475,7011227,
7011227,7017933,
7017933,7017932,
7017932,7017931,
7017931,644046,
644046,1570650,
1570650,1570651,
1570651,791619,
791619,791620,
791620,390822,
390822,390821,
390821,390820,
390820,646160,
646160,646159,
646159,646162,
646162,646161,
646161,390729,
390729,390728,
390728,390727,
390727,888376,
888376,1576228,
1576228,1576230,
1576230,1576229,
1576229,646500,
646500,646499,
646499,646506,
646506,646505,
646505,646508,
646508,646507,
646507,389914,
389914,389913,
389913,389912,
389912,389862,
389862,1569934,
1569934,1569936,
1569936,1569935,
1569935,793351,
793351,793352,
793352,893279,6117029,
6117029,6117030,
6117030,389336,646514,
646514,1577330,
1577330,1577329,
1577329,1577333,
1577333,1577332,
1577332,1577331,
1577331,1577314,
1577314,1577313,
1577313,1577304,
1577304,1577303,
1577303,646518,
646518,646519,
646519,646520,
646520,646521,
646521,388671,
388671,388670,
388670,646526,
646526,646525,
646525,646527,
646527,646528,
646528,1569430,
1569430,1569447,
1569447,1569446,
1569446,5625279,
5625279,5625280,
5625280,1569445,
1569445,1569444,
1569444,5625289,
5625289,5625288,
5625288,796257,
796257,796256,
796256,5613065,
5613065,5613064,
5613064,646561,
646561,646560,
646560,387972,
387972,387949,
387949,387938,
387938,387925,
387925,387913,
387913,387912,
387912,387911,
387911,1552668,
1552668,2203926,
2203926,2203925,
2203925,2199461,
2199461,1552672,
1552672,1552671,
1552671,781516,
781516,796733,
796733,796734,
796734,398664,
398664,398637,
398637,1556742,
1556742,1556745,
1556745,1556744,
1556744,1556743,
1556743,1559387,
1559387,1559386,
1559386,1559389,
1559389,1559388,
1559388,1559379,
1559379,2203936,
2203936,2203935,
2203935,2203934,
2203934,2203933,
6109523,6109524,
6109524,1548807,
2203931,2203930,
1548802,1548801,
1548801,1548800,
1548800,1548798,
1548798,1548797,
1548797,1559412,
1559412,1559411,
1559411,1559410,
1559410,2141629,
2141629,2141628,
2141628,2141627,
2141627,2141626,
2141626,646567,
646567,1552691,
1552691,1552690,
1552690,1552660,
1552660,1552666,
1552666,1552674,
1552674,1552673,
1552673,2199460,
2199460,2199459,
2199459,2199458,
2199458,1552681,
1552681,1552680,
1552680,1552679,
1552679,1552678,
1552678,1552659,
1552659,646566,
646566,646565,
646565,646564,
646564,646563,
646563,646562,
646562,823671,
823671,1569432,
1569432,5625271,
5625271,5633047,
5633047,5633046,
5633046,5633048,
5633048,2199457,
2199457,2199456,
2199456,5625281,
5625281,5625282,
5625282,1569449,
1569449,1569448,
1569448,1569431,
1569431,388639,
388639,388638,
388638,646524,
646524,646523,
646523,1577379,
1577379,1577378,
1577378,1577377,
1577377,646522,
646522,388680,
388680,388687,
388687,646517,
646517,646516,
646516,646515,
646515,1577359,
1577359,1577358,
1577358,1577364,
1577364,1577363,
1577363,1577362,
1577362,1577361,
1577361,1577360,
1577360,389335,
389335,389353,6117032,
6117032,6117031,
6117031,6609775,791119,
791119,791118,
791118,1569884,
1569884,1569897,
1569897,1569896,
1569896,1569895,
1569895,389877,
389877,646513,
646513,646512,
646512,646511,
646511,646510,
646510,646509,
646509,646504,
646504,646503,
646503,646502,
646502,646501,
646501,389993,
389993,389992,
389992,1576232,
1576232,1576231,
1576231,888378,
888378,1575186,
1575186,1575185,
1575185,1575184,
1575184,1575183,
1575183,390765,
390765,390764,
390764,646158,
646158,646157,
646157,646156,
646156,646155,
646155,646154,
646154,791618,
791618,791617,
791617,646148,
646148,646147,
646147,646146,
646146,7011213,
7011213,7011212,
7011212,7011211,
7011211,7011210,
7011210,6587473,
6587473,6587472,
6587472,796775,
796775,796774,
796774,391491,
391491,391490,
391490,391489,
391489,391488,
391488,391516,
391516,391515,
391515,391514,
391514,890151,
890151,890150,
890150,1575238,
1575238,1575237,
1575237,1576272,
1576272,1576271,
1576271,1576270,
1576270,1576269,
1576269,1555142,
1555142,1555141,
1555141,5559651,
5559651,5559650,
5559650,5559649,
5559649,2140366,
2140366,1555194,
1555194,1577260,
1577260,1577259,
1577259,1577258,
1577258,1577257,
1577257,646152,
646152,646151,
646151,646153,
646153,1555149,
1555149,1577166,
1577166,1577165,
1577165,1577164,
1577164,1577163,
1577163,6564920,
6564920,6564919,
6564919,1577285,
1577285,1577284,
1577284,1567678,
1567678,1567677,
1567677,1567676,
1567676,392192,
392192,6542566,
6542566,6542565,
6542565,1566909,
1566909,1566908,
1566908,1566907,
1566907,1566906,
1566906,783308,
783308,783307,
783307,1566905,
1566905,1559679,
1559679,1559678,
1559678,973820,
973820,973819,
973819,783199,
783199,783198,
783198,783197,
783197,2162392,
2162392,2162391,
2162391,2162390,
2162390,2162389,
2162389,2162388,
2162388,2162387,
2162387,2162386,
2162386,2162385,
2162385,2177866,
2177866,2177865,
2177865,2177864,
2177864,2177863,
2177863,2173042,
2173042,2173041,
2173041,2173040,
2173040,2162372,
2162372,2173068,
2173068,2173067,
2173067,2173066,
2173066,2169466,
2169466,2169465,
2169465,4144123,
4144123,4144122,
4144122,4139843,
4139843,1569529,
1569529,4120267,4120381,
4120381,6542554,4120380,
4120380,2892692,
2892692,2892691,
2892691,2248107,
2248107,2248106,
2248106,4144997,
4144997,4144996,
4144996,4144995,
4144995,4144994,
4144994,4144993,
4144993,2189408,
2189408,2189407,
2189407,2189406,
2189406,4111960,
4111960,4111959,
4111959,4111958,
4111958,4111957,
4111957,1576510,
1576510,1575993,
1575993,1575992,
1575992,1575991,
1575991,1575990,
1575990,1576584,
1576584,4103514,
4103514,4103513,
4103513,4103512,
4103512,4103501,
4103501,4103500,
4103500,4103499,
4103499,4125053,
4125053,4125052,
4125052,4125051,
4125051,4103490,
4103490,4103489,
4103489,990367,
990367,4124914,
4124914,4124913,
4124913,4124912,
4124912,4120265,
4120265,4120264,
4120264,4120263,
4120263,4120262,
4120262,4120261,
4120261,4120260,
4120260,4120259,
4120259,1562430,
1562430,1562429,
1562429,1562428,
1562428,1562427,
1562427,1562426,
1562426,1562425,
1562425,1562424,
1562424,1562423,
1562423,1562422,
1562422,2434941,
2434941,2434940,
2434940,2434939,
2434939,4172614,
4172614,4103468,
4103468,4103467,
4103467,4103466,
4103466,4103459,
4103459,4103458,
4103458,4103457,
4103457,4103456,
4103456,4103449,
4103449,4103448,
4103448,2892747,
2892747,2892746,
2892746,4168617,
4168617,4168616,
4168616,4172883,
4172883,4172882,
4172882,4172881,
4172881,4168615,
4168615,4168614,
4168614,6183646,
6183646,6183645,
6183645,2498028,
2498028,2498027,
2498027,4172822,
4172822,4172821,
4172821,4172820,
4172820,4172819,
4172819,4172730,
4172730,4150876,
4150876,4150875,
4150875,4150874,
4150874,4150873,
4150873,4150872,
4150872,4150871,
4150871,4150870,
4150870,4150869,
4150869,2887108,
2887108,2887107,
2887107,2887106,
2887106,2887105,
2887105,2887104,
2887104,2887103,
2887103,2887102,
2887102,2887101,
2887101,2887100,
2887100,2887099,
2887099,4106981,
4106981,4106980,
4106980,4106979,
4106979,4106978,
4106978,4106977,
4106977,5858996,
5858996,5858995,
5858995,5858994,
5858994,4106984,
4106984,4106983,
4106983,
6219396,6219403,
6219403,6219402,
6219402,6219401,
6219401,6219400,
6219400,6219399,
6219399,6219398,
6219398,6219397,
6219397,5963008,
5963008,5963007,
5963007,5702484,
5702484,5702483,
5702483,5702482,
5702482,5702481,
5702481,5702480,
5702480,6857342,
6857342,6857341,
6857341,6857340,
6857340,6857349,
6857349,6857348,
6857348,6857347,
6857347,6857346,
6857346,6857345,
6857345,6857344,
6857344,6857343,
6857343,6155559,
6155559,6155558,
6155558,6155562,
6155562,6155561,
6155561,6155560,
6155560,5605581,
5605581,5605580,
5605580,5605584,
5605584,5605583,
5605583,5605582,
5605582,5702619,
5702619,5702618,
5702618,5702617,
5702617,5702622,
5702622,5702621,
5702621,5702620,
5702620,5611668,
5611668,5611659,
5611659,5611658,
5611658,5611662,
5611662,5611661,
5611661,5611660,
5611660,5611665,
5611665,5611664,
5611664,5611663,
5611663,5702703,
5702703,5605341,
5605341,5605340,
5605340,5605339,
5605339,5605338,
5605338,5605337,
5605337,5605352,
5605352,5605351,
5605351,5605350,
5605350,5617272,
5617272,5617274,
5617274,5617273,
5617273,5617271,
5617271,5617270,
5617270,5617269,
5617269,5617268,
5617268,5605443,
5605443,5605479,
5605479,5605478,
5605478,5605477,
5605477,5605476,
5605476,5605475,
5605475,5605474,
5605474,5605473,
5605473,5605472,
5605472,5605471,
5605471,5605470,
5605470,5605469,
5605469,6117037,
6117037,6117038,
6117038,1602678,
1602678,1602677,
1602677,1602680,
1602680,1602679,
1602679,646181,
646181,646180,
646180,646179,
646179,646182,
646182,646183,
646183,389226,
389226,389225,
389225,389224,
389224,6948671,
6948671,6948670,
6948670,6948672,
6948672,1576729,
1576729,1576728,
1576728,3591454,
1576731,1576730,
1576730,389223,
389223,389222,
389222,389221,
389221,646498,
646498,646497,
646497,646496,
646496,646495,
646495,646494,
646494,646178,
646178,646177,
646177,646176,
646176,646175,
646175,1602685,
1602685,1602684,
1602684,1602683,
1602683,1602682,
1602682,1602681,
1602681,389284,
389284,5605489,
5605489,5605488,
5605488,5605487,
5605487,5605486,
5605486,5605485,
5605485,5605484,
5605484,5605483,
5605483,5605482,
5605482,5605481,
5605481,5605480,
5605480,5605441,
5605441,5605440,
5605440,5605439,
5605439,5605334,
5605334,5702728,
5702728,5605356,
5605356,5605355,
5605355,5605354,
5605354,5605353,
5605353,5617290,
5617290,5617289,
5617289,5617288,
5617288,5617287,
5617287,5617286,
5617286,5617285,
5617285,5617284,
5617284,5617283,
5617283,5702702,
5702702,5702701,
5702701,5702700,
5702700,5702616,
5702616,5702615,
5702615,5702614,
5702614,5611667,
5611667,5611666,
5611666,5702611,
5702611,5702610,
5702610,5702609,
5702609,5702608,
5702608,5702607,
5702607,5702606,
5702606,5702605,
5702605,5702594,
5702594,5702593,
5702593,5702590,
5702590,5702589,
5702589,6155557,
6155557,6155556,
6155556,6155555,
6155555,6155554,
6155554,6155553,
6155553,6857357,
6857357,6857356,
6857356,6857355,
6857355,6857354,
6857354,6857353,
6857353,6857352,
6857352,6857351,
6857351,6857350,
6857350,5702490,
5702490,5702489,
5702489,5702488,
5702488,5702487,
5702487,5702486,
5702486,5702485,
5702485,5963006,
5963006,5963005,
5963005,6219419,
6219419,6219418,
6219418,6219417,
6219417,6219416,
6219416,6219415,
6219415,6219414,
6219414,6219413,
6219413,6219406,
6219406,6219405,
6219405,6219404,
6219404,5702475,
1577355,1577354,
1577354,1577353,
1577353,1577352,
1577352,1577351,
1577351,1577357,
1577357,1577356,
1577356,5613131,
5613131,5613130,
5613130,5613129,
5613129,5613128,
5613128,5613127,
5613127,5613132,
5613132,5613133,
5613133,5613135,
5613135,5613134,
5613134,646559,
646559,646558,
646558,646557,
646557,1553773,
1553773,1553772,
1553772,1554666,
1554666,1554665,
1554665,6098032,
6098032,1553782,
1553782,6119907,
6119907,6119908,
6119908,1554638,
1554638,1553777,
1553777,2183040,
2183040,2183044,
2183044,2183043,
2183043,2183042,
2183042,2183041,
2183041,646541,
646541,646540,
646540,646542,
646542,644488,
644488,644490,
644490,644493,
644493,646548,
646548,644898,
644898,644899,
644899,644900,
644900,648075,
648075,648074,
648074,648073,
648073,648072,
648072,648071,
648071,1575168,
1575168,1575171,
1575171,1575170,
1575170,1575169,
1575169,1550312,
1550312,1550311,
1550311,1551058,1550313,
1550313,1550316,
1550316,1551056,1550315,
1550315,1550307,
1550307,1550306,
1550306,1550305,
1550305,1550304,
1550304,1550296,
1550296,1550295,
1550295,1550294,
1550294,6710573,
6710573,6710572,
6710572,6710575,
6710575,6710574,
6710574,6790507,
6790507,1556714,
1556714,1556713,
1556713,1556712,
1556712,6119958,
6119958,6119957,
6119957,6119959,
6119959,6790505,
6790505,6790506,
6790506,4155959,
4155959,6792342,
6792342,4155954,
4155954,4155957,
4155957,4155956,
4155956,4155955,
4155955,648077,
648077,648076,
648076,794024,
794024,1556064,
1556064,1556063,
1556063,1556066,
1556066,1556065,
1556065,1556056,
1556056,1556055,
1556055,1549517,
1549517,6119984,
6119984,6119983,
6119983,6119982,
6119982,646661,
646661,646660,
646660,646363,
646363,642045,
642045,1574998,
1574998,1574997,
1574997,1574996,
1574996,1575001,
1575001,1575000,
1575000,1574999,
1574999,794002,
794002,794005,
794005,794004,
794004,794003,
794003,1575043,
1575043,1575042,
652604,652923,
1575042,1575041,
1575041,1575045,
1575045,1575044,
1575044,391153,
391153,391127,391066,
391127,391120,
391120,391119,391142,
391119,794012,
794012,1589231,
1589231,1589230,
1589230,1589237,
1589237,1589236,
1589236,1589240,
1589240,1589239,
1589239,1589238,
1589238,388289,
388289,646736,
646736,646737,
646737,646740,
646740,646741,
646741,387598,
387598,387597,
387597,387596,
387596,387595,
387595,387594,
387594,396787,
396787,396786,
396786,396785,
396785,396784,
396784,6949338,
6949338,6949337,
6949337,6949336,
6949336,6949335,
6949335,6949334,
6949334,6949340,
6949340,6949339,
6949339,381295,
381295,380700,648295,
380700,380697,
380697,1591326,381234,
1591326,1591325,
1591325,1595841,
1595841,1595840,
1595840,1595839,
1595839,1595838,
1595838,1595843,
1595843,1595842,
1595842,6236397,
6236397,6236400,
6236400,6236399,
6236399,6236398,
6236398,648497,
648497,648496,
648496,1604755,
1604755,1604754,
1604754,1604753,
1604753,1604752,
1604752,2137895,
2137895,2137898,
2137898,2137897,
2137897,2137896,
2137896,1604751,
1604751,1604750,
1604750,6749016,
6749016,6749015,
6749015,6749014,
6749014,6749018,
6749018,6749017,
6749017,6749010,
6749010,6749009,
6749009,6749013,
6749013,6749012,
6749012,6749011,
6749011,6738555,
6738555,6738554,
6738554,6738553,
6738553,6749006,
6749006,6749007,
6749007,6749008,
6749008,6749005,
6749005,6749004,
6749004,6749003,
6749003,1560075,
1560075,1560074,
1560074,1560065,
1560065,1560064,
1560064,1560063,
1560063,1560062,
1560062,1560061,
1560061,823670,
823670,2162064,
2162064,2162063,
2162063,2162062,
2162062,6801765,
6801765,6767650,
6767650,6767649,
6767649,6767648,
6767648,6767647,
6767647,6801764,
6801764,6679463,
6679463,6679464,
6679464,648474,
648474,1556792,
1556792,1556793,2432003,
1556793,1556794,
1556794,384767,1556789,
384767,384766,
384766,384765,
384765,2427325,
2427325,2427324,
2427324,2427326,
2427326,5690922,
5690922,5690921,
5690921,5690920,
5690920,5690919,
5690919,5690918,
5690918,5690917,
5690917,5690916,
5690916,4150957,
4150957,4150956,
4150956,4150959,
4150959,4150958,
4150958,2144451,
2144451,640581,
640581,640580,
640580,640584,
640584,640567,
640567,640568,
640568,370296,
370296,370295,
370295,2368140,
2368140,2368141,
2368141,2368149,
2368149,2368150,
2368150,2178132,
2178132,2178131,
2178131,2178130,
2178130,2481559,
2481559,2481558,
2481558,2481560,
2481560,873511,
873511,873512,
873512,873510,
873510,2178135,
2178135,2178137,
2178137,2178136,
2178136,2162740,
2162740,2178134,
2178134,2178133,
2178133,2173531,
2173531,2173530,
2173530,2173532,
2173532,2173533,
2173533,652592,
652592,652591,
652591,652590,
652590,5829972,
5829972,5829971,
5829971,5829974,
5829974,5829973,
5829973,794515,
794515,794514,
794514,794513,
794513,794512,
794512,652593,
652593,652595,
652595,652594,
652594,368129,
368129,652597,
652597,652603,
652603,652602,
652602,377478,
377478,377376,
377376,376765,
376765,376767,
376767,652605,
652605,652604,
652923,652925,
652925,652924,
652924,376677,
376677,376676,
376676,652932,
652932,2427353,
2427353,2427355,
2427355,2427354,
2427354,5673263,
5673263,5673265,
5673265,5673264,
5673264,2386442,
2386442,2386441,
2386441,5673250,
5673250,5673252,
5673252,5673251,
5673251,376687,
376687,376686,
376686,1560346,
1560346,1560345,
1560345,1560344,
1560344,6895466,
6895466,6895465,
6895465,642430,
642430,6836219,
6836219,642467,
642467,6968036,
6968036,6968037,
6968037,377420,
377420,652971,
652971,652970,
652970,652973,
652973,652972,
652972,652979,
652979,652978,
652978,652982,
652982,652981,
652981,652980,
652980,6181126,
6181126,6181125,
6181125,6181124,
6181124,6181127,
6181127,652983,
652983,782047,
782047,782046,
782046,782045,
782045,782044,
782044,782042,
782042,2157177,
2157177,2157176,
2157176,2157175,
2157175,2157181,
2157181,2157180,
2157180,2157179,
2157179,2157178,
2157178,376155,
376155,2213699,
2213699,2213698,
2213698,2213697,
2213697,2213702,
2213702,2213701,
2213701,2213700,
2213700,2231278,
2231278,2231277,
2231277,5659275,
5659275,5659278,
5659278,5659277,
5659277,5659276,
5659276,
5659270,5659269,
5659269,5659268,
5659268,5659267,
5659267,2236004,
2236004,2236003,
2236003,2213642,
2213642,2213641,
2213641,2213640,
2213640,2213639,
2213639,2213638,
2213638,2213637,
2213637,2157187,
2157187,2157186,
2157186,2157185,
2157185,2157184,
2157184,2157183,
2157183,2157182,
2157182,642132,
642132,642131,
642131,642137,
642137,642140,
642140,642139,
642139,642138,
642138,652986,
652986,652985,
652985,652984,
652984,377379,
377379,377378,
377378,377377,
377377,652977,
652977,652976,
652976,652975,
652975,652974,
652974,652175,
652175,652174,
652174,652173,
652173,6968039,
6968039,6968038,
6968038,642468,
642468,6836220,
6836220,653266,
653266,653265,
653265,652969,
652969,652968,
652968,1560404,
1560404,1560403,
1560403,1560402,
1560402,652950,
652950,652949,
652949,5673235,
5673235,5673234,
5673234,5673233,
5673233,2415484,
2415484,2415483,
2415483,2415482,
2415482,5673276,
5673276,5673275,
5673275,5673274,
5673274,2431998,
2431998,2431997,
2431997,2431996,
2431996,652931,
652931,652930,
652930,652929,
652929,652928,
652928,652927,
652927,652926,
652926,376752,
376752,377462,
377462,377461,
377461,2402002,
2402002,2402003,
2402003,2410933,
2410933,2410934,
2410934,368126,
368126,652599,
652599,652598,
652598,652601,
652601,652600,
652600,652596,
652596,2410814,
2410814,2410813,
2410813,2410812,
2410812,2410811,
2410811,2410810,
2410810,5836054,
5836054,5836053,
5836053,5836056,
5836056,5836055,
5836055,792879,
792879,792878,
792878,792877,
792877,792876,
792876,792875,
792875,2162729,
2162729,2162728,
2162728,792872,
792872,792871,
792871,2159155,
2159155,2159154,
2159154,2159153,
2159153,2159144,
2159144,2162791,
2162791,2162781,
2162781,2162782,
2162782,2432006,
2432006,2432005,
2432005,2432004,
2432004,2159083,
2159083,2159082,
2159082,2159081,
2159081,2410554,
2410554,2410553,
2410553,2410552,
2410552,2410551,
2410551,2410550,
2410550,650461,
650461,650460,
650460,640628,
640628,640629,
640629,640585,
640585,640583,
640583,2144446,
2144446,4150967,
4150967,4150966,
4150966,4150965,
4150965,4150964,
4150964,2151201,
2151201,2151200,
2151200,2151199,
2151199,2151198,
2151198,2151197,
2151197,2151196,
2151196,2151195,
2151195,2447583,
2447583,5703558,
5703558,5703557,
5703557,5703556,
5703556,5703547,
5703547,5703546,
5703546,5703545,
5703545,1556788,
1556788,1556787,
1556787,1556784,
1556784,1556783,1556782,
1556783,652583,
652583,792077,
792077,792076,
792076,792075,
792075,792074,
792074,2073545,
2073545,2073544,
2073544,2073543,
2073543,2073542,
2073542,2073541,
2073541,796852,
796852,6948993,
6948993,6948992,
6948992,6948991,
6948991,6948990,
6948990,6948989,
6948989,1560142,
1560142,1560141,
1560141,1560146,
1560146,1560145,
1560145,1560144,
1560144,1560143,
1560143,796606,
796606,657122,
657122,1589408,
1589408,1589407,
1589407,1589406,
1589406,1589405,
1589405,648502,
648502,648501,
648501,1611757,
1611757,1611756,
1611756,1611755,
1611755,1611754,
1611754,1611753,
1611753,1603819,
1603819,1603818,
1603818,2137907,
2137907,2137906,
2137906,2137905,
2137905,6948988,
6948988,6948987,
6948987,6948986,
6948986,6948985,
6948985,6948984,
6948984,648500,
648500,648156,
648156,648155,
648155,648154,
648154,1595831,
1595831,1595830,
1595830,1595829,
1595829,1595828,
1595828,1595827,
1595827,1595826,
1595826,1591290,
1591290,1591289,
1591289,381721,
381721,381769,1591286,
381769,381770,
381770,383692,381732,
383692,383691,
383691,383690,
383690,383689,
383689,383688,
383688,383687,
383687,648138,
648138,648137,
648137,648136,
648136,648135,
648135,6949333,
6949333,6949332,
6949332,6949331,
6949331,6949330,
6949330,6949329,
6949329,6949328,
6949328,646717,
646717,646716,
646716,646715,
646715,646714,
646714,647777,
647777,1590006,
1590006,1590005,
1590005,6949380,
6949380,6949379,
6949379,1590004,
1590004,1590003,
1590003,6949378,
6949378,6949377,
6949377,391181,
391181,391207,647758,
391207,391774,
391774,1575563,391186,
1575563,1575562,
1575562,1575561,
1575561,1575560,
1575560,1575559,
1575559,1579227,
1579227,1579226,
1579226,1579225,
1579225,1579224,
1579224,1575572,
1575572,1575571,
1575571,1575570,
1575570,1575569,
1575569,1575568,
1575568,646659,
646659,1551102,
1551102,1551103,
1551103,646658,
646658,646657,
646657,1549514,
1549514,1549513,
1549513,1549512,
1549512,1549511,
1549511,1556068,
1556068,1556067,
1556067,1557878,
1557878,1557877,
1557877,1557876,
1557876,1557875,
1557875,1557874,
1557874,648079,
648079,648078,
648078,783216,
783216,783215,
783215,783214,
783214,1575686,
1575686,891403,
891403,5613165,
5613165,5613164,
5613164,5613163,
5613163,5613162,
5613162,1556731,
1556731,1556730,
1556730,1556729,
1556729,1558467,
1558467,1558466,
1558466,1558465,
1558465,1558464,
1558464,5552659,
5552659,5552658,
5552658,5552639,
5552639,5552638,
5552638,5552637,
5552637,5552636,
5552636,5552635,
5552635,1551054,
1551054,1551053,1551055,
1551055,1551051,
1551051,1550320,1550318,
1550318,1550317,
1550317,1550310,
1550310,1575598,
1575598,1575597,
1575597,1575596,
1575596,1575172,
1575172,646556,
646556,646555,
646555,646554,
646554,646553,
646553,646552,
646552,646551,
646551,644897,
644897,646550,
646550,646549,
646549,646547,
646547,646546,
646546,646545,
646545,646544,
646544,646543,
646543,646539,
646539,646538,
646538,2183088,
2183088,2183087,
2183087,2183086,
2183086,2183085,
2183085,1554669,
1554669,1554668,
1554668,1554667,
1554667,1554639,
1554639,1553783,
1553783,1553776,
1553776,1554644,
1554644,1554643,
1554643,1554642,
1554642,1554641,
1554641,1554640,
1554640,644459,
644459,644458,
644458,644457,
644457,5613116,
5613116,5613115,
5613115,5613114,
5613114,5613111,
5613111,5613110,
5613110,5613109,
5613109,5613108,
5613108,5613107,
5613107,5613106,
5613106,1576763,
1576763,1576762,
1576762,1576761,
1576761,1576760,
1576760,1576759,
1576759,1576758,
1576758,1576733,
1576733,
4137834,4137838,
4137838,4137837,
4137837,4137836,
4137836,4137835,
4137835,5842979,
5842979,5842978,
5842978,5842980,
5842980,3655913,
3655913,3664401,
3664401,3664400,
3664400,3664399,
3664399,3664402,
3664402,1557846,
1557846,1557854,
1557854,1557853,
1557853,1557852,
1557852,1557851,
1557851,1557850,
1557850,5618139,1557865,
1557865,1557867,4134785,
4134785,4134784,
4134784,4134783,
4134783,4134788,
4134788,4134787,
4134787,4134786,
4134786,1551905,
1551905,1551904,
1551904,2145695,
2145695,2145697,
2145697,2145696,
2145696,1551885,
1551885,1551884,
1551884,1551883,
1551883,1571442,
1571442,1571441,
1571441,1571440,
1571440,1569939,
1569939,1571425,
1571425,4139827,
4139827,4139826,
4139826,4139829,
4139829,4139828,
4139828,4139825,
4139825,4139821,
4139821,4139820,
4139820,4139824,
4139824,4139823,
4139823,4139822,
4139822,2164503,
2164503,2164505,
2164505,2164504,
2164504,2157158,
2157158,2157157,
2157157,2157160,
2157160,2157159,
2157159,5698209,
5698209,5698208,
5698208,5698210,
5698210,5545240,
5545240,2139242,
2139242,2161196,
2161196,2161208,
2161208,2161207,
2161207,2161206,
2161206,2196289,
2196289,2196288,
2196288,2196290,
2196290,2161213,
2161213,2161212,
2161212,2161211,
2161211,2161205,
1557290,1557292,
1557293,1557288,
1557288,6140611,
6140611,6140612,
6140612,1575644,
1575644,1575643,
1575643,1575642,
1575642,1575647,
1575647,1575646,
1575646,1575645,
1575645,1577938,
1577938,5598147,
5598147,5598148,
5598148,1577931,
1577931,1577930,
1577930,1577929,
1577929,1577928,
1577928,1570147,
1570147,1570146,
1570146,1570148,
1570148,1570152,
1570152,1570151,
1570151,1570154,
1570154,1570153,
1570153,647149,
647149,6792370,
6792370,6129589,
6129589,647154,
647154,1573417,
1573417,1587044,
1587044,1587043,
1587043,1587703,
1587703,1587702,
1587702,1587701,
1587701,1606089,
1606089,1606088,
1606088,1606087,
1606087,1606094,
1606094,1606093,
1606093,1606092,
1606092,1606091,
1606091,1606090,
1606090,2186672,
2186672,2186671,
2186671,2186674,
2186674,2186677,
2186677,2186676,
2186676,2186675,
2186675,1591344,
1591344,1591345,
1591345,647094,
647094,1591327,
1591327,1591328,5691605,
1591328,1591329,
1591329,1581358,382991,
1581358,1581357,
1581357,1581356,
1581356,1581365,
1581365,1581367,
1581367,1581366,
1581366,1581324,
1581324,1581325,
1581325,1580787,
1580787,1580786,
1580786,1580785,
1580785,1604780,
1604780,1604781,
1604781,1603714,
1603714,1603713,
1603713,1603712,
1603712,1603711,
1603711,1603710,
1603710,1603717,
1603717,1603716,
1603716,1603715,
1603715,1596322,
1596322,1596321,
1596321,1596320,
1596320,1596323,
1596323,1596329,
1596329,1596328,
1596328,1596330,
1596330,1581416,
1581416,648298,1581415,
648298,382917,
383427,1581843,383428,
1581843,1581842,
1581842,1581844,
1581844,1553613,
1553613,1553612,
1553612,1596355,
1596355,1596358,
1596358,1596357,
1596357,1596356,
1596356,1603790,
1603790,1603789,
1603789,1603788,
1603788,1603795,
1603795,1603794,
1603794,1603793,
1603793,1603792,
1603792,1603791,
1603791,379420,
379420,379466,
379466,379465,
379465,1580735,
1580735,1580734,
1580734,1580733,
1580733,1581371,
1581371,1581372,
1581372,1581369,
1581369,1581368,
1581368,1581370,
1581370,1580689,
1580689,1580688,
1580688,1591333,
1591333,1591332,
1591332,647095,
647095,648126,1591334,
648126,1591330,
1591330,1591331,
1591331,1587642,647092,
1587642,1587641,
1587641,2196170,
2196170,2196169,
2196169,2196168,
2196168,2196171,
2196171,2192199,
2192199,2192198,
2192198,1590047,
1590047,1590046,
1590046,1590045,
1590045,1590044,
1590044,1590043,
1590043,1590051,
1590051,1590050,
1590050,1590049,
1590049,1590048,
1590048,1587053,
1587053,1587052,
1587052,1587051,
1587051,1587055,
1587055,1587054,
1587054,1573286,
1573286,1573285,
1573285,647083,
647083,647079,
647079,647080,
647080,1570228,
1570228,1570227,
1570227,2345550,
2345550,2345549,
2345549,2345552,
2345552,2345551,
2345551,1570226,
1570226,1570225,
1570225,2345516,
2345516,2345515,
2345515,2345514,
2345514,5574871,
5574871,5574872,
5574872,1577943,
1577943,1575663,
1575663,1575662,
1575662,1575661,
1575661,1575666,
1575666,1575665,
1575665,1575664,
1575664,1549556,
1549556,1557305,
1557305,1557304,
1557304,1557295,
1557289,6140610,
6140610,6140609,
6140609,1557287,
1557287,396247,
2164509,2164508,
2164508,2164507,
2164507,2196273,
2196273,2139175,
2139175,2139174,
2139174,2139173,
2139173,2139172,
2139172,2139171,
2139171,2164506,
2164506,2196330,
2196330,2196329,
2196329,5698193,
5698193,5698192,
5698192,1569145,
1569145,1569144,
1569144,1569143,
1569143,1569142,
1569142,1580177,
1580177,1580176,
1580176,1580175,
1580175,1580182,
1580182,2161268,
2161268,2161267,
2161267,2161266,
2161266,2161265,
2161265,2161264,
2161264,4139814,
4139814,4139813,
4139813,4139812,
4139812,4139781,
4139781,4139780,
4139780,1571429,
1571429,1571428,
1571428,4139733,
4139733,4139732,
4139732,4139731,
4139731,4139730,
4139730,4139729,
4139729,4139728,
4139728,4139707,
4139707,4139706,
4139706,2349896,
2349896,2349895,
2349895,2349894,
2349894,4134719,
4134719,4134718,
4134718,4134717,
4134717,4134716,
4134716,4134715,
4134715,4134714,
4134714,4134701,1557866,
1557866,1557860,1557859,
1557859,1557858,
1557858,1557857,
1557857,1557856,
1557856,1557855,
1557855,1557849,
1557849,1557848,
1557848,1557847,
1557847,3681413,
3681413,3681412,
3681412,3681411,
3681411,3681410,
3681410,3681409,
3681409,5836759,
5836759,5836758,
5836758,5836757,
5836757,2233180,
2233180,2233179,
2233179,2233178,
2233178,2233177,
2233177,1557841,
1557841,
4124265,4124264,5690994,
5690994,5690993,
5690993,5690995,
5690995,2186695,
2186695,2186696,
2186696,1571409,
1571409,1571408,
1571408,1570707,
1570707,2186736,
2186736,2186735,
2186735,2186739,
2186739,2186738,
2186738,2186737,
2186737,1570689,
1570689,5842989,
5842989,5842988,
5842988,5842987,
5842987,5842990,
5842990,4129885,
4129885,4129884,
4129884,4129883,
4129883,4129882,
4129882,4129881,
4129881,4129880,
4129880,2161469,
2161469,2161468,
2161468,2161467,
2161467,2161466,
2161466,2161465,
2161465,2161464,
2161464,2161471,
2161471,2161470,
2161470,2157383,
2157383,2157384,
2157384,2157385,
2157385,2157386,
2157386,2157387,
2157387,2157388,
2157388,2157390,
2157390,2157389,
2157389,2157399,
2157399,2157398,
2157398,2157397,
2157397,2157412,
2157414,2157415,
1589186,1589185,
1589185,1589184,
1589184,1589183,
1589183,6140618,
6140618,6140617,
6140617,1589143,
1589143,1589142,
1589142,1589141,
1589141,1589140,
1589140,1589139,
1589139,1589138,
1589138,1557315,
1557315,1557314,
1557314,1557313,
1557313,1557312,
1557312,1557311,
1557311,6129580,
6129580,6129579,
6129579,790674,
790674,790673,
790673,790672,
790672,1557748,
1557748,1557796,
1557796,1557795,
1557795,1557799,
1557799,1557798,
1557798,1557797,
1557797,2168061,
2168061,2168060,
2168060,2254193,
2254193,2254192,
2254192,2254191,
2254191,2254199,
2254199,2254203,
2254203,2254202,
2254202,2254201,
2254201,2254200,
2254200,790669,
790669,386479,5865205,
386479,386424,
386424,386411,647164,
386411,386410,
386410,386409,
386409,386408,
386408,386407,
386407,386406,
386406,2166783,
2166783,2166785,
2166785,2166784,
2166784,6881846,
6881846,6881845,
6881845,6881847,
6881847,2165138,
2165138,2165137,
2165137,2165136,
2165136,2165140,
2165140,2165139,
2165139,5859546,
5859546,5859545,
5859545,5859544,
5859544,5859543,
5859543,5859551,
5859551,5859528,5859527,
5859528,5855307,
5855307,5855306,5855320,
5855306,5855305,
5855305,5855304,
5855304,2191101,
2191101,2191100,
2191100,2191099,
2191099,5914667,
5914667,5914670,
5914670,5914669,
5914669,5914668,
5914668,2165065,
2165065,975834,
975834,975836,
975836,975835,
975835,975843,
975843,975842,
975842,4124191,
4124191,4124194,
4124194,4124195,
4124195,960417,
960417,960416,
960416,960415,
960415,960414,
960414,960409,
960409,960408,
960408,960407,
960407,960422,
960422,5874014,
5874014,5874013,
5874013,5874012,
5874012,5874011,
5874011,5874010,
5874010,5874027,
5874027,5874026,
5874026,5874025,
5874025,5874024,
5874024,5874023,
5874023,5874022,
5874022,5874021,
5874021,5874020,
5874020,5874019,
5874019,5874018,
5874018,5874017,
5874017,5874016,
5874016,5874015,
5874015,1557422,
1557422,1557421,
1557421,1557420,
1557420,1557424,
1557424,1557423,
1557423,1556836,
1556836,1556835,
1556835,6203299,
6203299,6203298,
6203298,1556840,
1556840,1556839,
1556839,1539374,654060,
1539374,648465,
648465,648459,
648457,648458,
648458,960493,960487,
960493,1556837,
1556837,1556838,
1556838,960492,
960492,960491,
960491,960490,
960490,960476,
960476,960475,
960475,960474,
960474,5873989,
5873989,5873988,
5873988,5873987,
5873987,5873986,
5873986,5873985,
5873985,5873984,
5873984,5873983,
5873983,5873982,
5873982,5873981,
5873981,5873980,
5873980,5873979,
5873979,5873978,
5873978,5873977,
5873977,5873976,
5873976,5873975,
5873975,5873974,
5873974,5873973,
5873973,5873972,
5873972,960473,
960473,960392,
960392,960391,
960391,960390,
960390,975850,
975850,975849,
975849,975848,
975848,975847,
975847,975846,
975846,975845,
975845,2168177,
2168177,2168178,
2168178,975839,
975839,975838,
975838,975837,
975837,975840,
975840,2165100,
2165100,5914687,
5914687,5914686,
5914686,5914685,
5914685,5914688,
5914688,2194307,
2194307,2194306,
2194306,2194305,
2194305,960418,
960418,5855319,
5855319,5855318,
5855318,5855317,
5855317,5855323,
5855323,5859554,5855322,
5859554,5859553,
5859553,5859550,5859552,
5859550,5859549,
5859549,5859548,
5859548,5859547,
5859547,2165135,
2165135,2165134,
2165134,2165133,
2165133,2165132,
2165132,2165131,
2165131,2169863,
2169863,2169862,
2169862,2169861,
2169861,2169860,
2169860,2169859,
2169859,2169858,
2169858,647160,
647160,647159,
647159,647158,
647158,647157,
647157,647156,
647156,647155,
647155,647163,
647163,387026,6195120,
387026,790663,
790663,2254232,790668,
2254232,2254231,
2254231,2254230,
2254230,2254229,
2254229,2254228,
2254228,2254227,
2254227,2254226,
2254226,2254225,
2254225,2168069,
2168069,2168068,
2168068,790666,
790666,790665,
790665,790664,
790664,1558237,
1558237,1558236,
1558236,6865102,
6865102,6865101,
6865101,6865100,
6865100,6865099,
6865099,790658,
790658,6802902,
6802902,6656258,
6656258,1557320,
1557320,1557319,
1557319,1557318,
1557318,1557317,
1557317,1557316,
1557316,1589182,
1589182,2161440,
2161440,2161439,
2161439,2161438,
2161438,2161437,
2161437,2161441,
2161441,1557321,
1557321,6140625,
6140625,6865130,
6865130,6865133,
6865133,6865132,
6865132,6865131,
6865131,2157410,
2157405,2157404,
2157403,2157402,
2157402,2157401,
2157401,2157360,
2157360,2157359,
2157359,2157358,
2157358,2157357,
2157357,2157356,
2157356,2533099,
2533099,2529467,
393341,393340,
2529467,2529466,
2529466,2161447,
2161447,2161455,
2161455,2161454,
2161454,2161453,
2161453,2161452,
2161452,2161451,
2161451,2161450,
2161450,2161449,
2161449,2161448,
2161448,4129876,
4129876,4129875,
4129875,4129874,
4129874,4129873,
4129873,4129872,
4129872,4129871,
4129871,4129870,
4129870,4129869,
4129869,4129868,
4129868,1570692,
1570692,2191068,
2191068,2191067,
2191067,2191066,
2191066,6109707,
6109707,6109706,
6109706,6109705,
6109705,6109704,
6109704,6630993,
6630993,6630992,
6630992,1571407,
1571407,2191065,
2191065,2191064,
2191064,2191063,
2191063,5690926,
5690926,5690925,
5690925,5690924,
5690924,5690923,
5690923,4124263,4124266,
4124266,4124267,
2162058,1556783,1556782,
1556782,1556791,
1556791,1556793,2432003,
2432003,2432002,
2432002,1556781,
1556781,650428,
650428,1556855,
1556855,1556854,
1556854,1556853,
1556853,1556852,
1556852,1556851,
1556851,1556850,
1556850,1556849,
1556849,1556848,
1556848,1556847,
1556847,1556846,
1556846,1556845,
1556845,1556844,
1556844,1556843,
1556843,648455,
648455,648454,
648454,648453,
648453,648452,
648452,648456,
648456,960493,960487,
960487,960488,
960488,1539374,654060,
654060,654059,
654059,654058,
654058,654057,
654057,654056,
654056,654055,
654055,654054,
654054,654053,
654053,654047,
654047,654046,
654046,654045,
654045,5879474,
5879474,5879473,
5879473,5879472,
5879472,5879471,
5879471,5879470,
5879470,5879469,
5879469,5879468,
5879468,1539343,
1539343,1539328,
1539328,1539327,
1539327,1539326,
1539326,1539325,
1539325,1539324,
1539324,1539323,
1539323,1556813,
1556813,1556812,
1556812,1556831,
1556831,1556832,
1556832,1556828,
1556828,1556827,
1556827,2533261,
2533261,2533260,
2533260,2533259,
2533259,2533258,
2533258,2533257,
2533257,2159052,
2159052,2159051,
2159051,2159050,
2159050,2155540,
2155540,2068418,
2068418,654042,
654042,653465,
653465,653467,
653467,653466,
653466,2168904,
2168904,2168903,
2168903,2168902,
2168902,2155539,
2155539,2155538,
2155538,2155537,
2155537,2168796,
2168796,2168795,
2168795,2168790,
2168790,2168789,
2168789,2168788,
2168788,2181032,
2181032,2181031,
2181031,2181030,
2181030,2181029,
2181029,2181028,
2181028,2181027,
2181027,2181026,
2181026,653460,
653460,653459,
653459,653458,
653458,653457,
653457,653456,
653456,653455,
653455,653454,
653454,612031,
612031,653453,
653453,6801746,
6801746,6801745,
6801745,6801744,
6801744,6801743,
6801743,6801742,
6801742,6801741,
6801741,6801740,
6801740,6801739,
6801739,6801738,
6801738,2194449,
2194449,2194448,
2194448,2194447,
2194447,2194446,
2194446,2194445,
2194445,6201112,
6201112,6201111,
6201111,6201110,
6201110,824782,
824782,824781,
824781,824780,
824780,824276,
824276,824275,
824275,6201124,
6201124,6201123,
6201123,6201122,
6201122,6201128,
6201128,6201127,
6201127,6201126,
6201126,6201125,
6201125,6201121,
6201121,6201120,
6201120,6201119,
6201119,6201118,
6201118,6201117,
6201117,2194444,
2194444,2194443,
2194443,2194442,
2194442,2194441,
2194441,6201107,
6201107,6201106,
6201106,6767596,
6767596,6457410,
6457410,6457409,
6457409,367436,
367436,367435,
367435,367434,
367434,962247,
962247,962248,
962248,960515,
960515,
960518,6208074,
6208074,6208075,
6208075,6201131,
6201131,6201130,
6201130,6201129,
6201129,6767638,
6767638,6480733,
6480733,2194368,
2194368,2194367,
2194367,2194366,
2194366,2194392,
2194392,2194391,
2194391,2194390,
2194390,2194389,
2194389,2194388,
2194388,2194387,
2194387,889789,
889789,889788,
889788,889787,
889787,889786,
889786,889785,
889785,889784,
889784,824268,
824268,824267,
824267,824266,
824266,367657,
367657,824273,
824273,824272,
824272,824274,
824274,612517,
612517,612516,
612516,653452,
653452,653451,
653451,653450,
653450,2194342,
2194342,2194341,
2194341,2194340,
2194340,2194339,
2194339,2194338,
2194338,2194337,
2194337,2194336,
2194336,2194335,
2194335,2194334,
2194334,2194333,
2194333,2194332,
2194332,2194331,
2194331,2194330,
2194330,2194329,
2194329,2194328,
2194328,612028,
612028,612027,
612027,653461,
653461,614844,
614844,614843,
614843,614842,
614842,614841,
614841,614840,
614840,2181044,
2181044,2181043,
2181043,2181042,
2181042,2181041,
2181041,2181040,
2181040,2181039,
2181039,2181038,
2181038,2181037,
2181037,2073394,
2073394,2168793,
2168793,2168792,
2168792,2168791,
2168791,2168794,
2168794,6192950,
6192950,6192949,
6192949,5659427,
5659427,5659426,
5659426,5659425,
5659425,653464,
653464,653463,
653463,653462,
653462,632760,
632760,632761,
632761,632762,
632762,632763,
632763,2068409,
2068409,2151304,
2151304,2151311,
2151311,2151310,
2151310,2151309,
2151309,2533273,
2533273,2533272,
2533272,2533271,
2533271,2533270,
2533270,2533269,
2533269,2533268,
2533268,1556822,
1556822,654044,
654044,654043,
654043,5697495,
5697495,5697494,
5697494,5697493,
5697493,5697492,
5697492,2073577,
2073577,2073576,
2073576,2068402,
2068402,5879492,
5879492,5879491,
5879491,5879490,
5879490,5879489,
5879489,5879488,
5879488,5879487,
5879487,654052,
654052,654051,
654051,654050,
654050,654049,
654049,654048,
654048,648471,
648471,648470,
648470,648469,
648469,648468,
648468,648467,
648467,648466,
648466,648459,
648459,648460,
648460,648457,650427,
650427,650426,
650426,650425,
650425,650424,
650424,650423,
650423,1557385,
1557385,1557384,
1557384,1557383,
1557383,1557382,
1557382,1557381,
1557381,1557380,
1557380,1557379,
1557379,1557378,
1557378,1557377,
1557377,1557376,
1557376,1556858,
1556858,1556857,
1556857,1556856,
1556856,648451,
648451,648450,
648450,2427301,
2427301,2427300,
2427300,1556786,
1556786,1556785,
1556785,384767,1556789,
1556789,1556787,
646587,646287,646995,
646995,646294,
646294,646293,
646293,646292,
646292,646291,
646291,646290,
646290,646289,
646289,646283,
646283,646964,
646964,646963,
646963,1569500,
1569500,1569499,
1569499,1569498,
1569498,630664,
630664,646068,
646068,646069,
646069,656886,6784226,
6784226,630663,
630663,393341,
393340,647447,
647447,647446,
647446,391894,
391894,391893,
391893,391144,
391144,391143,
391143,390405,
390405,390404,
390404,390403,
390403,389579,
389579,389578,
389578,648167,
648167,648169,
648169,648168,
648168,630597,
630597,630595,
630595,630596,
630596,630589,
630589,890188,
890188,890187,
890187,890190,
890190,890189,
890189,648165,
648165,648164,
648164,397645,
397645,648159,
648159,648158,
648158,648157,
648157,648160,
648160,1591322,
1591322,1591321,
1591321,1591324,
1591324,1591323,
1591323,381770,
381732,381295,
648295,648294,
648294,648293,
648293,6195110,
6195110,6195109,
6195109,6195108,
6195108,6195107,
6195107,6195111,
6195111,1549423,
1549423,1549422,
1549422,1549421,
1549421,1549424,
1549424,1581926,
1581926,1581925,
1581925,1581924,
1581924,1581414,
1581414,1581413,
1581413,1581412,
1581412,1581411,
1581411,1581843,383428,
383428,648298,1581415,
1581415,1596324,
1596324,1596325,
1596325,1596291,
1596291,1596294,
1596294,1596293,
1596293,1596297,
1596297,1596296,
1596296,1596295,
1596295,1596292,
1596292,5896981,
5896981,5896980,
5896980,5896982,
5896982,2153172,
2153172,2153171,
2153171,2153170,
2153170,2153169,
2153169,5859542,
5859542,5859541,
5859541,5859553,
5859552,5859551,
5859527,6195129,
6195129,6195130,
6195130,2418970,
2418970,5914821,
5914821,5914820,
5914820,5914819,
5914819,5914818,
5914818,5914823,
5914823,5914822,
5914822,6243352,
6243352,6243351,
6243351,6243353,
6243353,6243350,
6243350,5837282,
5837282,2153039,
2153039,2153038,
2153038,2153037,
2153037,2153041,
2153041,2153040,
2153040,647612,
647612,1581794,
1581794,1581793,
1581793,1581797,
1581797,1581796,
1581796,1581795,
1581795,6236510,
6236510,6236511,
6236511,647610,
647610,647609,
647609,1562369,
1562369,1562433,
1562433,1562432,
1562432,1562434,
1562434,1562436,
1562436,1562435,
1562435,1562439,
1562439,1562441,
1562441,1562440,
1562440,1562443,
1562443,1562442,
1562442,1586665,
1586665,1586664,
1586664,1586663,
1586663,1586667,
1586667,1586666,
1586666,383741,
383741,1561707,
1561707,1561708,
1561708,1561709,
1561709,1586661,
1586661,1586662,
1586662,1561710,
1561710,1563743,
1563743,1563742,
1563742,1561711,
1561711,1562514,
1562514,1562513,
1562513,1562516,
1562516,1562515,
1562515,378336,
378336,1588140,
1588140,1588139,
1588139,1588138,
1588138,1589894,
1589894,1589893,
1589893,1589892,
1589892,1589891,
1589891,1589890,
1589890,1589896,
1589896,1589895,
1589895,371715,
371715,371688,
371688,657231,
657231,657230,
657230,657229,
657229,657228,
657228,657227,
657227,2169934,
2169934,2169935,
2169935,368590,
368590,
2166736,657226,
657226,657225,
657225,657224,
657224,657223,
657223,657222,
657222,1589897,
1589897,4119625,
4119625,4119624,
4119624,1589889,
1589889,1589888,
1589888,1589887,
1589887,1589886,
1589886,1589885,
1589885,1589884,
1589884,1589883,
1589883,386530,
386530,1562512,
1562512,1562511,
1562511,1562510,
1562510,1562509,
1562509,1562508,
1562508,1561243,
1561243,1562456,
1562456,1562954,
1562954,1562953,
1562953,1561242,
1561242,5567415,
5567415,5567414,
5567414,1561241,
1561241,1561240,
1561240,1561239,
1561239,1561673,
1561673,1561674,
1561674,1586672,
1586672,1586671,
1586671,1586670,
1586670,1586669,
1586669,1586668,
1586668,1561666,
1561666,1561665,
1561665,1561635,
1561635,1561634,
1561634,1561623,
1561623,1561618,
1561618,1561617,
1561617,1561616,
1561616,1561595,
1561595,1561594,
1561594,1562368,
1562368,1561593,
1561593,1561592,
1561592,1581781,
1581781,1581780,
1581780,1581790,
1581790,1581789,
1581789,1581788,
1581788,1581787,
1581787,1581786,
1581786,1580477,
1580477,1582360,
1582360,1582359,
1582359,5837341,
5837341,5837340,
5837340,5837339,
5837339,5909353,
5909353,5909352,
5909352,5909351,
5909351,5909357,
5909357,5909356,
5909356,5909355,
5909355,5909354,
5909354,647611,
647611,6802899,
6802899,6236409,
6236409,6236408,
6236408,5855307,
5855320,5855323,
5855322,5855321,
5855321,2153180,
2153180,2153179,
2153179,2153178,
2153178,2153177,
2153177,5896987,
5896987,5896986,
5896986,5896985,
5896985,1596359,
1596359,1581393,
1581393,1581392,
1581392,1581391,
1581391,1581402,
1581402,1596351,
1596351,1596354,
1596354,1596353,
1596353,1596352,
1596352,1581841,
1581841,1581840,
1581840,382917,
382917,383427,1581408,
1581408,1581407,
1581407,1581410,
1581410,1581920,
1581920,1581921,
1581921,384597,
384597,384685,
384685,1555063,
1555063,1555064,
1555064,1555046,
1555046,1555045,
1555045,6195115,
6195115,6195114,
6195114,6195113,
6195113,6195112,
6195112,6195116,
6195116,380656,
380656,380655,
380655,380654,
380654,380697,
381234,381721,
1591286,1591285,
1591285,1591288,
1591288,1591287,
1591287,2422465,
2422465,2422468,
2422468,2422467,
2422467,2422466,
2422466,648161,
648161,648163,
648163,648162,
648162,891405,
891405,891404,
891404,891407,
891407,891406,
891406,890191,
890191,890192,
890192,630598,
630598,630599,
630599,387622,
387622,388282,
388282,648170,
648170,648172,
648172,648171,
648171,390446,
390446,390445,
390445,390444,
390444,647449,
647449,647448,
647448,647452,
647452,647451,
647451,647450,
647450,392554,
392554,392553,
392553,393331,
393331,393330,
393330,393329,
393329,796690,
796690,796691,
796691,630668,
630668,630667,
630667,1569484,
1569484,1569483,
1569483,1569486,
1569486,1569485,
1569485,1569478,
1569478,1569477,
1569477,773761,
773761,646958,
646958,646957,
646957,646956,
646956,646959,
646959,646962,
646962,646961,
646961,646960,
646960,646955,
646955,646288,
645874,645875,
645875,645868,645872,
645872,388393,
388393,1575610,
1575610,1575609,
1575609,1575608,
1575608,1575613,
1575613,1575612,
1575612,1575611,
1575611,397741,
397741,397734,
397734,396975,
396975,647753,
647753,647752,
647752,647751,
647751,647750,
647750,647755,
647755,647754,
647754,647749,
647749,392615,
392615,392614,
392614,392613,
392613,391774,
391186,391153,
391066,391065,
391065,648134,
648134,648133,
648133,1575020,
1575020,1575464,
1575464,1575463,
1575463,1588443,
1588443,1588442,
1588442,1580773,
1580773,1580772,
1580772,1580771,
1580771,1580775,
1580775,1580774,
1580774,1580784,
1580784,1580783,
1580783,5618954,
5618954,6792363,
6792363,6129574,
6129574,1580776,
1580776,1580777,
1580777,1591335,
1591335,1591331,
647092,647093,
647093,647094,
5691605,5691604,
5691604,6236407,
6236407,6236406,
6236406,6236405,
6236405,6195128,
6195128,6195127,
6195127,6195126,
6195126,6792350,
6792350,378883,
378883,378882,
378882,378881,
378881,378880,
378880,790663,
790668,790669,
5865205,5865204,
5865204,5865203,
5865203,5865202,
5865202,5865201,
5865201,5865200,
5865200,2137867,
2137867,2137866,
2137866,2137865,
2137865,2137864,
2137864,2137863,
2137863,2137862,
2137862,2137861,
2137861,2137860,
2137860,1595061,
1595061,1595060,
1595060,1595059,
1595059,1595058,
1595058,1595057,
1595057,1595056,
1595056,1595055,
1595055,1595054,
1595054,1604779,
1604779,790685,
790685,1604756,
1604756,1595180,
1595180,1595179,
1595179,1595178,
1595178,1595177,
1595177,1595176,
1595176,1595175,
1595175,1595174,
1595174,1595173,
1595173,1606017,
1606017,1606016,
1606016,1606015,
1606015,1606014,
1606014,1606013,
1606013,1586626,
1586626,1586631,
1586631,
1586629,1586625,
1586625,1581721,
1581721,1605385,
1605385,1605384,
1605384,1605383,
1605383,1605382,
1605382,1595152,
1595152,1595151,
1595151,1595150,
1595150,1595149,
1595149,1595156,
1595156,1595155,
1595155,1595154,
1595154,1595153,
1595153,1604757,
1604757,647175,
647175,1604773,
1604773,1604772,
1604772,2168160,
2168160,2168166,
2168166,2168165,
2168165,2168164,
2168164,2168163,
2168163,2168162,
2168162,2168161,
2168161,2137874,
2137874,2137880,
2137880,2137879,
2137879,2137878,
2137878,2137877,
2137877,2137876,
2137876,2137875,
2137875,5859673,
5859673,5859672,
5859672,5859671,
5859671,5859670,
5859670,5865189,
5865189,5865188,
5865188,386424,
647164,647163,
6195120,6195119,
6195119,6195118,
6195118,6195117,
6195117,6195121,
6195121,2168155,
2168155,2168154,
2168154,2168153,
2168153,5698167,
5698167,5698166,
5698166,5698165,
5698165,5698169,
5698169,5698168,
5698168,1591329,
382991,647095,
1591334,1580711,
1580711,1580710,
1580710,647096,
647096,1580686,
1580686,1580685,
1580685,1580684,
1580684,1580724,
1580724,1580723,
1580723,1580722,
1580722,1580721,
1580721,1580720,
1580720,1587616,
1587616,1587615,
1587615,1575567,
1575567,1575566,
1575566,1575565,
1575565,1575564,
1575564,1575933,
1575933,1575932,
1575932,1575931,
1575931,391120,
391142,391181,
647758,647757,
647757,647756,
647756,394351,
394351,394350,
394350,396907,
396907,396906,
396906,396905,
396905,396904,
396904,396919,
396919,396972,
396972,397733,
397733,1575605,
1575605,1575604,
1575604,1575603,
1575603,5659490,
5659490,5659489,
5659489,5659488,
5659488,388364,
388364,645873,
645873,6784255,6784231,
6784231,645870,
645870,645869,
